Workbook

Sheet Roster
A1: Sample roster tracker. All families and dates are fictional. Edit the blue columns; Status and Follow-up # are formulas.
A2: Family ID | B2: Testing Week | C2: Preferred Language | D2: Confirmed Date | E2: Confirmation Email Sent | F2: Contact Method | G2: Notes | H2: Status | I2: Follow-up #
A3: F-001 | B3: Week 3 | C3: English | D3: 46223 | E3: Yes | F3: Email | G3: Confirmed by email | H3: =IF(D3<>"","Confirmed","Follow up") -> Confirmed | I3: =IF(H3="Follow up",COUNTIF($H$3:H3,"Follow up"),"")
A4: F-002 | B4: Week 2 | C4: Spanish | D4: 46217 | E4: Yes | F4: Email | G4: Prefers morning slot | H4: =IF(D4<>"","Confirmed","Follow up") -> Confirmed | I4: =IF(H4="Follow up",COUNTIF($H$3:H4,"Follow up"),"")
A5: F-003 | B5: Week 1 | C5: English | D5: 46212 | E5: Yes | F5: Email | G5: Sibling testing same day | H5: =IF(D5<>"","Confirmed","Follow up") -> Confirmed | I5: =IF(H5="Follow up",COUNTIF($H$3:H5,"Follow up"),"")
A6: F-004 | B6: Week 3 | C6: English | D6: 46223 | E6: Yes | F6: Phone | H6: =IF(D6<>"","Confirmed","Follow up") -> Confirmed | I6: =IF(H6="Follow up",COUNTIF($H$3:H6,"Follow up"),"")
A7: F-005 | B7: Week 1 | C7: English | E7: Yes | F7: Phone | G7: Left voicemail | H7: =IF(D7<>"","Confirmed","Follow up") -> Follow up | I7: =IF(H7="Follow up",COUNTIF($H$3:H7,"Follow up"),"") -> 1
A8: F-006 | B8: Week 1 | C8: English | E8: No | F8: Phone | G8: Email bounced, calling | H8: =IF(D8<>"","Confirmed","Follow up") -> Follow up | I8: =IF(H8="Follow up",COUNTIF($H$3:H8,"Follow up"),"") -> 2
A9: F-007 | B9: Week 3 | C9: English | D9: 46226 | E9: Yes | F9: Phone | G9: Prefers morning slot | H9: =IF(D9<>"","Confirmed","Follow up") -> Confirmed | I9: =IF(H9="Follow up",COUNTIF($H$3:H9,"Follow up"),"")
A10: F-008 | B10: Week 1 | C10: Spanish | D10: 46210 | E10: Yes | F10: Email | H10: =IF(D10<>"","Confirmed","Follow up") -> Confirmed | I10: =IF(H10="Follow up",COUNTIF($H$3:H10,"Follow up"),"")
A11: F-009 | B11: Week 3 | C11: Spanish | D11: 46223 | E11: Yes | F11: Phone | H11: =IF(D11<>"","Confirmed","Follow up") -> Confirmed | I11: =IF(H11="Follow up",COUNTIF($H$3:H11,"Follow up"),"")
A12: F-010 | B12: Week 2 | C12: English | D12: 46217 | E12: Yes | F12: Email | H12: =IF(D12<>"","Confirmed","Follow up") -> Confirmed | I12: =IF(H12="Follow up",COUNTIF($H$3:H12,"Follow up"),"")
A13: F-011 | B13: Week 2 | C13: English | D13: 46217 | E13: Yes | F13: Email | G13: Confirmed by email | H13: =IF(D13<>"","Confirmed","Follow up") -> Confirmed | I13: =IF(H13="Follow up",COUNTIF($H$3:H13,"Follow up"),"")
A14: F-012 | B14: Week 3 | C14: Spanish | D14: 46225 | E14: Yes | F14: Email | G14: Sibling testing same day | H14: =IF(D14<>"","Confirmed","Follow up") -> Confirmed | I14: =IF(H14="Follow up",COUNTIF($H$3:H14,"Follow up"),"")
A15: F-013 | B15: Week 1 | C15: Portuguese | D15: 46209 | E15: Yes | F15: Phone | G15: Prefers morning slot | H15: =IF(D15<>"","Confirmed","Follow up") -> Confirmed | I15: =IF(H15="Follow up",COUNTIF($H$3:H15,"Follow up"),"")
A16: F-014 | B16: Week 2 | C16: Spanish | D16: 46219 | E16: Yes | F16: Phone | H16: =IF(D16<>"","Confirmed","Follow up") -> Confirmed | I16: =IF(H16="Follow up",COUNTIF($H$3:H16,"Follow up"),"")
A17: F-015 | B17: Week 3 | C17: English | D17: 46224 | E17: Yes | F17: Phone | H17: =IF(D17<>"","Confirmed","Follow up") -> Confirmed | I17: =IF(H17="Follow up",COUNTIF($H$3:H17,"Follow up"),"")
A18: F-016 | B18: Week 2 | C18: English | D18: 46217 | E18: Yes | F18: Phone | H18: =IF(D18<>"","Confirmed","Follow up") -> Confirmed | I18: =IF(H18="Follow up",COUNTIF($H$3:H18,"Follow up"),"")
A19: F-017 | B19: Week 1 | C19: English | D19: 46210 | E19: Yes | F19: Email | H19: =IF(D19<>"","Confirmed","Follow up") -> Confirmed | I19: =IF(H19="Follow up",COUNTIF($H$3:H19,"Follow up"),"")
A20: F-018 | B20: Week 3 | C20: English | D20: 46223 | E20: Yes | F20: Phone | H20: =IF(D20<>"","Confirmed","Follow up") -> Confirmed | I20: =IF(H20="Follow up",COUNTIF($H$3:H20,"Follow up"),"")
A21: F-019 | B21: Week 2 | C21: Spanish | D21: 46219 | E21: Yes | F21: Email | H21: =IF(D21<>"","Confirmed","Follow up") -> Confirmed | I21: =IF(H21="Follow up",COUNTIF($H$3:H21,"Follow up"),"")
A22: F-020 | B22: Week 1 | C22: Spanish | D22: 46210 | E22: Yes | F22: Email | H22: =IF(D22<>"","Confirmed","Follow up") -> Confirmed | I22: =IF(H22="Follow up",COUNTIF($H$3:H22,"Follow up"),"")
A23: F-021 | B23: Week 1 | C23: Spanish | D23: 46212 | E23: Yes | F23: Phone | H23: =IF(D23<>"","Confirmed","Follow up") -> Confirmed | I23: =IF(H23="Follow up",COUNTIF($H$3:H23,"Follow up"),"")
A24: F-022 | B24: Week 1 | C24: English | D24: 46212 | E24: Yes | F24: Email | G24: Confirmed by email | H24: =IF(D24<>"","Confirmed","Follow up") -> Confirmed | I24: =IF(H24="Follow up",COUNTIF($H$3:H24,"Follow up"),"")
A25: F-023 | B25: Week 3 | C25: Spanish | D25: 46225 | E25: Yes | F25: Email | H25: =IF(D25<>"","Confirmed","Follow up") -> Confirmed | I25: =IF(H25="Follow up",COUNTIF($H$3:H25,"Follow up"),"")
A26: F-024 | B26: Week 3 | C26: English | D26: 46224 | E26: Yes | F26: Phone | G26: Confirmed by phone | H26: =IF(D26<>"","Confirmed","Follow up") -> Confirmed | I26: =IF(H26="Follow up",COUNTIF($H$3:H26,"Follow up"),"")
A27: F-025 | B27: Week 3 | C27: English | D27: 46224 | E27: Yes | F27: Email | H27: =IF(D27<>"","Confirmed","Follow up") -> Confirmed | I27: =IF(H27="Follow up",COUNTIF($H$3:H27,"Follow up"),"")
A28: F-026 | B28: Week 2 | C28: English | D28: 46216 | E28: Yes | F28: Email | H28: =IF(D28<>"","Confirmed","Follow up") -> Confirmed | I28: =IF(H28="Follow up",COUNTIF($H$3:H28,"Follow up"),"")
A29: F-027 | B29: Week 2 | C29: English | D29: 46216 | E29: Yes | F29: Phone | G29: Confirmed by email | H29: =IF(D29<>"","Confirmed","Follow up") -> Confirmed | I29: =IF(H29="Follow up",COUNTIF($H$3:H29,"Follow up"),"")
A30: F-028 | B30: Week 2 | C30: Portuguese | E30: Yes | F30: Phone | G30: Email bounced, calling | H30: =IF(D30<>"","Confirmed","Follow up") -> Follow up | I30: =IF(H30="Follow up",COUNTIF($H$3:H30,"Follow up"),"") -> 3
A31: F-029 | B31: Week 3 | C31: English | D31: 46225 | E31: Yes | F31: Email | H31: =IF(D31<>"","Confirmed","Follow up") -> Confirmed | I31: =IF(H31="Follow up",COUNTIF($H$3:H31,"Follow up"),"")
A32: F-030 | B32: Week 3 | C32: Arabic | D32: 46225 | E32: Yes | F32: Email | G32: Confirmed by phone | H32: =IF(D32<>"","Confirmed","Follow up") -> Confirmed | I32: =IF(H32="Follow up",COUNTIF($H$3:H32,"Follow up"),"")
A33: F-031 | B33: Week 1 | C33: English | D33: 46212 | E33: Yes | F33: Email | H33: =IF(D33<>"","Confirmed","Follow up") -> Confirmed | I33: =IF(H33="Follow up",COUNTIF($H$3:H33,"Follow up"),"")
A34: F-032 | B34: Week 2 | C34: English | D34: 46219 | E34: Yes | F34: Email | G34: Confirmed by email | H34: =IF(D34<>"","Confirmed","Follow up") -> Confirmed | I34: =IF(H34="Follow up",COUNTIF($H$3:H34,"Follow up"),"")
A35: F-033 | B35: Week 1 | C35: Spanish | D35: 46212 | E35: Yes | F35: Phone | G35: Sibling testing same day | H35: =IF(D35<>"","Confirmed","Follow up") -> Confirmed | I35: =IF(H35="Follow up",COUNTIF($H$3:H35,"Follow up"),"")
A36: F-034 | B36: Week 2 | C36: Spanish | D36: 46219 | E36: Yes | F36: Email | G36: Prefers morning slot | H36: =IF(D36<>"","Confirmed","Follow up") -> Confirmed | I36: =IF(H36="Follow up",COUNTIF($H$3:H36,"Follow up"),"")
A37: F-035 | B37: Week 2 | C37: Spanish | D37: 46216 | E37: Yes | F37: Phone | G37: Prefers morning slot | H37: =IF(D37<>"","Confirmed","Follow up") -> Confirmed | I37: =IF(H37="Follow up",COUNTIF($H$3:H37,"Follow up"),"")
A38: F-036 | B38: Week 1 | C38: English | E38: No | F38: Phone | G38: Text sent | H38: =IF(D38<>"","Confirmed","Follow up") -> Follow up | I38: =IF(H38="Follow up",COUNTIF($H$3:H38,"Follow up"),"") -> 4
A39: F-037 | B39: Week 2 | C39: English | E39: No | F39: Phone | G39: Left voicemail | H39: =IF(D39<>"","Confirmed","Follow up") -> Follow up | I39: =IF(H39="Follow up",COUNTIF($H$3:H39,"Follow up"),"") -> 5
A40: F-038 | B40: Week 2 | C40: English | D40: 46218 | E40: Yes | F40: Phone | G40: Confirmed by phone | H40: =IF(D40<>"","Confirmed","Follow up") -> Confirmed | I40: =IF(H40="Follow up",COUNTIF($H$3:H40,"Follow up"),"")
A41: F-039 | B41: Week 3 | C41: English | D41: 46223 | E41: Yes | F41: Email | G41: Confirmed by email | H41: =IF(D41<>"","Confirmed","Follow up") -> Confirmed | I41: =IF(H41="Follow up",COUNTIF($H$3:H41,"Follow up"),"")
A42: F-040 | B42: Week 1 | C42: Spanish | D42: 46209 | E42: Yes | F42: Email | G42: Confirmed by phone | H42: =IF(D42<>"","Confirmed","Follow up") -> Confirmed | I42: =IF(H42="Follow up",COUNTIF($H$3:H42,"Follow up"),"")
A43: F-041 | B43: Week 1 | C43: Spanish | D43: 46210 | E43: Yes | F43: Email | H43: =IF(D43<>"","Confirmed","Follow up") -> Confirmed | I43: =IF(H43="Follow up",COUNTIF($H$3:H43,"Follow up"),"")
A44: F-042 | B44: Week 2 | C44: Spanish | D44: 46218 | E44: Yes | F44: Email | H44: =IF(D44<>"","Confirmed","Follow up") -> Confirmed | I44: =IF(H44="Follow up",COUNTIF($H$3:H44,"Follow up"),"")
A45: F-043 | B45: Week 3 | C45: English | E45: No | F45: Phone | G45: No reply after 2 emails | H45: =IF(D45<>"","Confirmed","Follow up") -> Follow up | I45: =IF(H45="Follow up",COUNTIF($H$3:H45,"Follow up"),"") -> 6
A46: F-044 | B46: Week 1 | C46: Arabic | D46: 46211 | E46: Yes | F46: Email | H46: =IF(D46<>"","Confirmed","Follow up") -> Confirmed | I46: =IF(H46="Follow up",COUNTIF($H$3:H46,"Follow up"),"")
A47: F-045 | B47: Week 2 | C47: Spanish | D47: 46216 | E47: Yes | F47: Email | H47: =IF(D47<>"","Confirmed","Follow up") -> Confirmed | I47: =IF(H47="Follow up",COUNTIF($H$3:H47,"Follow up"),"")
A48: F-046 | B48: Week 3 | C48: Spanish | D48: 46223 | E48: Yes | F48: Email | H48: =IF(D48<>"","Confirmed","Follow up") -> Confirmed | I48: =IF(H48="Follow up",COUNTIF($H$3:H48,"Follow up"),"")
A49: F-047 | B49: Week 3 | C49: Arabic | D49: 46224 | E49: Yes | F49: Email | G49: Confirmed by phone | H49: =IF(D49<>"","Confirmed","Follow up") -> Confirmed | I49: =IF(H49="Follow up",COUNTIF($H$3:H49,"Follow up"),"")
A50: F-048 | B50: Week 1 | C50: English | D50: 46212 | E50: Yes | F50: Email | G50: Prefers morning slot | H50: =IF(D50<>"","Confirmed","Follow up") -> Confirmed | I50: =IF(H50="Follow up",COUNTIF($H$3:H50,"Follow up"),"")
A51: F-049 | B51: Week 3 | C51: Arabic | D51: 46226 | E51: Yes | F51: Email | H51: =IF(D51<>"","Confirmed","Follow up") -> Confirmed | I51: =IF(H51="Follow up",COUNTIF($H$3:H51,"Follow up"),"")
A52: F-050 | B52: Week 1 | C52: English | D52: 46210 | E52: Yes | F52: Email | H52: =IF(D52<>"","Confirmed","Follow up") -> Confirmed | I52: =IF(H52="Follow up",COUNTIF($H$3:H52,"Follow up"),"")
A53: F-051 | B53: Week 2 | C53: Spanish | D53: 46216 | E53: Yes | F53: Email | G53: Confirmed by email | H53: =IF(D53<>"","Confirmed","Follow up") -> Confirmed | I53: =IF(H53="Follow up",COUNTIF($H$3:H53,"Follow up"),"")
A54: F-052 | B54: Week 2 | C54: Portuguese | D54: 46218 | E54: Yes | F54: Phone | G54: Confirmed by email | H54: =IF(D54<>"","Confirmed","Follow up") -> Confirmed | I54: =IF(H54="Follow up",COUNTIF($H$3:H54,"Follow up"),"")
A55: F-053 | B55: Week 2 | C55: English | E55: No | F55: Phone | G55: Text sent | H55: =IF(D55<>"","Confirmed","Follow up") -> Follow up | I55: =IF(H55="Follow up",COUNTIF($H$3:H55,"Follow up"),"") -> 7
A56: F-054 | B56: Week 3 | C56: English | D56: 46224 | E56: Yes | F56: Email | G56: Prefers morning slot | H56: =IF(D56<>"","Confirmed","Follow up") -> Confirmed | I56: =IF(H56="Follow up",COUNTIF($H$3:H56,"Follow up"),"")
A57: F-055 | B57: Week 1 | C57: English | D57: 46211 | E57: Yes | F57: Email | H57: =IF(D57<>"","Confirmed","Follow up") -> Confirmed | I57: =IF(H57="Follow up",COUNTIF($H$3:H57,"Follow up"),"")
A58: F-056 | B58: Week 1 | C58: English | D58: 46210 | E58: Yes | F58: Phone | H58: =IF(D58<>"","Confirmed","Follow up") -> Confirmed | I58: =IF(H58="Follow up",COUNTIF($H$3:H58,"Follow up"),"")
A59: F-057 | B59: Week 1 | C59: English | D59: 46212 | E59: Yes | F59: Email | G59: Sibling testing same day | H59: =IF(D59<>"","Confirmed","Follow up") -> Confirmed | I59: =IF(H59="Follow up",COUNTIF($H$3:H59,"Follow up"),"")
A60: F-058 | B60: Week 3 | C60: Spanish | D60: 46226 | E60: Yes | F60: Phone | G60: Sibling testing same day | H60: =IF(D60<>"","Confirmed","Follow up") -> Confirmed | I60: =IF(H60="Follow up",COUNTIF($H$3:H60,"Follow up"),"")
A61: F-059 | B61: Week 3 | C61: Spanish | D61: 46225 | E61: Yes | F61: Phone | G61: Confirmed by email | H61: =IF(D61<>"","Confirmed","Follow up") -> Confirmed | I61: =IF(H61="Follow up",COUNTIF($H$3:H61,"Follow up"),"")
A62: F-060 | B62: Week 1 | C62: Spanish | D62: 46211 | E62: Yes | F62: Email | H62: =IF(D62<>"","Confirmed","Follow up") -> Confirmed | I62: =IF(H62="Follow up",COUNTIF($H$3:H62,"Follow up"),"")
A63: F-061 | B63: Week 2 | C63: English | D63: 46218 | E63: Yes | F63: Email | H63: =IF(D63<>"","Confirmed","Follow up") -> Confirmed | I63: =IF(H63="Follow up",COUNTIF($H$3:H63,"Follow up"),"")
A64: F-062 | B64: Week 1 | C64: Spanish | D64: 46209 | E64: Yes | F64: Phone | G64: Confirmed by phone | H64: =IF(D64<>"","Confirmed","Follow up") -> Confirmed | I64: =IF(H64="Follow up",COUNTIF($H$3:H64,"Follow up"),"")
A65: F-063 | B65: Week 2 | C65: English | D65: 46217 | E65: Yes | F65: Email | H65: =IF(D65<>"","Confirmed","Follow up") -> Confirmed | I65: =IF(H65="Follow up",COUNTIF($H$3:H65,"Follow up"),"")
A66: F-064 | B66: Week 3 | C66: English | D66: 46226 | E66: Yes | F66: Phone | G66: Confirmed by phone | H66: =IF(D66<>"","Confirmed","Follow up") -> Confirmed | I66: =IF(H66="Follow up",COUNTIF($H$3:H66,"Follow up"),"")
A67: F-065 | B67: Week 3 | C67: Arabic | D67: 46224 | E67: Yes | F67: Phone | G67: Confirmed by phone | H67: =IF(D67<>"","Confirmed","Follow up") -> Confirmed | I67: =IF(H67="Follow up",COUNTIF($H$3:H67,"Follow up"),"")
A68: F-066 | B68: Week 1 | C68: Spanish | D68: 46212 | E68: Yes | F68: Email | H68: =IF(D68<>"","Confirmed","Follow up") -> Confirmed | I68: =IF(H68="Follow up",COUNTIF($H$3:H68,"Follow up"),"")
A69: F-067 | B69: Week 2 | C69: Arabic | D69: 46219 | E69: Yes | F69: Email | G69: Confirmed by phone | H69: =IF(D69<>"","Confirmed","Follow up") -> Confirmed | I69: =IF(H69="Follow up",COUNTIF($H$3:H69,"Follow up"),"")
A70: F-068 | B70: Week 2 | C70: English | D70: 46218 | E70: Yes | F70: Phone | G70: Prefers morning slot | H70: =IF(D70<>"","Confirmed","Follow up") -> Confirmed | I70: =IF(H70="Follow up",COUNTIF($H$3:H70,"Follow up"),"")
A71: F-069 | B71: Week 1 | C71: English | D71: 46209 | E71: Yes | F71: Email | G71: Confirmed by email | H71: =IF(D71<>"","Confirmed","Follow up") -> Confirmed | I71: =IF(H71="Follow up",COUNTIF($H$3:H71,"Follow up"),"")
A72: F-070 | B72: Week 2 | C72: English | D72: 46217 | E72: Yes | F72: Email | G72: Prefers morning slot | H72: =IF(D72<>"","Confirmed","Follow up") -> Confirmed | I72: =IF(H72="Follow up",COUNTIF($H$3:H72,"Follow up"),"")
A73: F-071 | B73: Week 2 | C73: Spanish | D73: 46216 | E73: Yes | F73: Email | G73: Confirmed by phone | H73: =IF(D73<>"","Confirmed","Follow up") -> Confirmed | I73: =IF(H73="Follow up",COUNTIF($H$3:H73,"Follow up"),"")
A74: F-072 | B74: Week 3 | C74: English | E74: Yes | F74: Phone | G74: Email bounced, calling | H74: =IF(D74<>"","Confirmed","Follow up") -> Follow up | I74: =IF(H74="Follow up",COUNTIF($H$3:H74,"Follow up"),"") -> 8
A75: F-073 | B75: Week 3 | C75: English | D75: 46223 | E75: Yes | F75: Email | G75: Confirmed by phone | H75: =IF(D75<>"","Confirmed","Follow up") -> Confirmed | I75: =IF(H75="Follow up",COUNTIF($H$3:H75,"Follow up"),"")
A76: F-074 | B76: Week 1 | C76: English | D76: 46210 | E76: Yes | F76: Email | H76: =IF(D76<>"","Confirmed","Follow up") -> Confirmed | I76: =IF(H76="Follow up",COUNTIF($H$3:H76,"Follow up"),"")
A77: F-075 | B77: Week 2 | C77: English | D77: 46216 | E77: Yes | F77: Email | G77: Confirmed by phone | H77: =IF(D77<>"","Confirmed","Follow up") -> Confirmed | I77: =IF(H77="Follow up",COUNTIF($H$3:H77,"Follow up"),"")
A78: F-076 | B78: Week 3 | C78: Spanish | D78: 46224 | E78: Yes | F78: Email | H78: =IF(D78<>"","Confirmed","Follow up") -> Confirmed | I78: =IF(H78="Follow up",COUNTIF($H$3:H78,"Follow up"),"")
A79: F-077 | B79: Week 3 | C79: English | D79: 46226 | E79: Yes | F79: Email | H79: =IF(D79<>"","Confirmed","Follow up") -> Confirmed | I79: =IF(H79="Follow up",COUNTIF($H$3:H79,"Follow up"),"")
A80: F-078 | B80: Week 1 | C80: Portuguese | D80: 46211 | E80: Yes | F80: Phone | H80: =IF(D80<>"","Confirmed","Follow up") -> Confirmed | I80: =IF(H80="Follow up",COUNTIF($H$3:H80,"Follow up"),"")
A81: F-079 | B81: Week 1 | C81: English | D81: 46212 | E81: Yes | F81: Phone | H81: =IF(D81<>"","Confirmed","Follow up") -> Confirmed | I81: =IF(H81="Follow up",COUNTIF($H$3:H81,"Follow up"),"")
A82: F-080 | B82: Week 3 | C82: English | D82: 46223 | E82: Yes | F82: Phone | G82: Confirmed by email | H82: =IF(D82<>"","Confirmed","Follow up") -> Confirmed | I82: =IF(H82="Follow up",COUNTIF($H$3:H82,"Follow up"),"")
A83: F-081 | B83: Week 1 | C83: Spanish | E83: Yes | F83: Phone | G83: Left voicemail | H83: =IF(D83<>"","Confirmed","Follow up") -> Follow up | I83: =IF(H83="Follow up",COUNTIF($H$3:H83,"Follow up"),"") -> 9
A84: F-082 | B84: Week 1 | C84: English | D84: 46211 | E84: Yes | F84: Email | G84: Sibling testing same day | H84: =IF(D84<>"","Confirmed","Follow up") -> Confirmed | I84: =IF(H84="Follow up",COUNTIF($H$3:H84,"Follow up"),"")
A85: F-083 | B85: Week 2 | C85: English | D85: 46216 | E85: Yes | F85: Phone | H85: =IF(D85<>"","Confirmed","Follow up") -> Confirmed | I85: =IF(H85="Follow up",COUNTIF($H$3:H85,"Follow up"),"")
A86: F-084 | B86: Week 3 | C86: Arabic | D86: 46224 | E86: Yes | F86: Email | G86: Confirmed by phone | H86: =IF(D86<>"","Confirmed","Follow up") -> Confirmed | I86: =IF(H86="Follow up",COUNTIF($H$3:H86,"Follow up"),"")
A87: F-085 | B87: Week 1 | C87: English | D87: 46212 | E87: Yes | F87: Email | H87: =IF(D87<>"","Confirmed","Follow up") -> Confirmed | I87: =IF(H87="Follow up",COUNTIF($H$3:H87,"Follow up"),"")
A88: F-086 | B88: Week 3 | C88: English | D88: 46223 | E88: Yes | F88: Phone | H88: =IF(D88<>"","Confirmed","Follow up") -> Confirmed | I88: =IF(H88="Follow up",COUNTIF($H$3:H88,"Follow up"),"")
A89: F-087 | B89: Week 2 | C89: English | D89: 46216 | E89: Yes | F89: Email | G89: Confirmed by email | H89: =IF(D89<>"","Confirmed","Follow up") -> Confirmed | I89: =IF(H89="Follow up",COUNTIF($H$3:H89,"Follow up"),"")
A90: F-088 | B90: Week 3 | C90: Spanish | D90: 46224 | E90: Yes | F90: Email | H90: =IF(D90<>"","Confirmed","Follow up") -> Confirmed | I90: =IF(H90="Follow up",COUNTIF($H$3:H90,"Follow up"),"")
A91: F-089 | B91: Week 2 | C91: Spanish | D91: 46219 | E91: Yes | F91: Email | H91: =IF(D91<>"","Confirmed","Follow up") -> Confirmed | I91: =IF(H91="Follow up",COUNTIF($H$3:H91,"Follow up"),"")
A92: F-090 | B92: Week 3 | C92: Spanish | D92: 46225 | E92: Yes | F92: Email | G92: Confirmed by email | H92: =IF(D92<>"","Confirmed","Follow up") -> Confirmed | I92: =IF(H92="Follow up",COUNTIF($H$3:H92,"Follow up"),"")
A93: F-091 | B93: Week 1 | C93: English | D93: 46210 | E93: Yes | F93: Email | G93: Confirmed by phone | H93: =IF(D93<>"","Confirmed","Follow up") -> Confirmed | I93: =IF(H93="Follow up",COUNTIF($H$3:H93,"Follow up"),"")
A94: F-092 | B94: Week 3 | C94: English | D94: 46225 | E94: Yes | F94: Phone | H94: =IF(D94<>"","Confirmed","Follow up") -> Confirmed | I94: =IF(H94="Follow up",COUNTIF($H$3:H94,"Follow up"),"")
A95: F-093 | B95: Week 1 | C95: Portuguese | D95: 46212 | E95: Yes | F95: Email | H95: =IF(D95<>"","Confirmed","Follow up") -> Confirmed | I95: =IF(H95="Follow up",COUNTIF($H$3:H95,"Follow up"),"")
A96: F-094 | B96: Week 2 | C96: English | E96: Yes | F96: Phone | G96: Email bounced, calling | H96: =IF(D96<>"","Confirmed","Follow up") -> Follow up | I96: =IF(H96="Follow up",COUNTIF($H$3:H96,"Follow up"),"") -> 10
A97: F-095 | B97: Week 3 | C97: Portuguese | D97: 46226 | E97: Yes | F97: Email | G97: Confirmed by phone | H97: =IF(D97<>"","Confirmed","Follow up") -> Confirmed | I97: =IF(H97="Follow up",COUNTIF($H$3:H97,"Follow up"),"")
A98: F-096 | B98: Week 2 | C98: Spanish | D98: 46219 | E98: Yes | F98: Email | H98: =IF(D98<>"","Confirmed","Follow up") -> Confirmed | I98: =IF(H98="Follow up",COUNTIF($H$3:H98,"Follow up"),"")
A99: F-097 | B99: Week 3 | C99: Spanish | E99: Yes | F99: Phone | G99: No reply after 2 emails | H99: =IF(D99<>"","Confirmed","Follow up") -> Follow up | I99: =IF(H99="Follow up",COUNTIF($H$3:H99,"Follow up"),"") -> 11
A100: F-098 | B100: Week 1 | C100: Spanish | D100: 46212 | E100: Yes | F100: Email | G100: Confirmed by phone | H100: =IF(D100<>"","Confirmed","Follow up") -> Confirmed | I100: =IF(H100="Follow up",COUNTIF($H$3:H100,"Follow up"),"")
...

Sheet Summary
A1: Program summary (updates automatically from Roster)
A3: Families on roster | B3: =COUNTA(Roster!A3:A149) -> 147
A4: Dates confirmed | B4: =COUNTIF(Roster!H3:H149,"Confirmed") -> 131
A5: Need follow-up | B5: =COUNTIF(Roster!H3:H149,"Follow up") -> 16
A6: Confirmation rate | B6: =IF(B3=0,0,B4/B3) -> 0.89115646
A8: By testing week
A9: Week | B9: Families | C9: Confirmed | D9: Follow up | E9: Rate
A10: Week 1 | B10: =COUNTIF(Roster!$B$3:$B$149,A10) -> 51 | C10: =COUNTIFS(Roster!$B$3:$B$149,A10,Roster!$H$3:$H$149,"Confirmed") -> 46 | D10: =COUNTIFS(Roster!$B$3:$B$149,A10,Roster!$H$3:$H$149,"Follow up") -> 5 | E10: =IF(B10=0,0,C10/B10) -> 0.90196078
A11: Week 2 | B11: =COUNTIF(Roster!$B$3:$B$149,A11) -> 53 | C11: =COUNTIFS(Roster!$B$3:$B$149,A11,Roster!$H$3:$H$149,"Confirmed") -> 45 | D11: =COUNTIFS(Roster!$B$3:$B$149,A11,Roster!$H$3:$H$149,"Follow up") -> 8 | E11: =IF(B11=0,0,C11/B11) -> 0.8490566
A12: Week 3 | B12: =COUNTIF(Roster!$B$3:$B$149,A12) -> 43 | C12: =COUNTIFS(Roster!$B$3:$B$149,A12,Roster!$H$3:$H$149,"Confirmed") -> 40 | D12: =COUNTIFS(Roster!$B$3:$B$149,A12,Roster!$H$3:$H$149,"Follow up") -> 3 | E12: =IF(B12=0,0,C12/B12) -> 0.93023256
A15: By preferred language
A16: Language | B16: Families | C16: Confirmed | D16: Follow up | E16: Rate
A17: English | B17: =COUNTIF(Roster!$C$3:$C$149,A17) -> 79 | C17: =COUNTIFS(Roster!$C$3:$C$149,A17,Roster!$H$3:$H$149,"Confirmed") -> 67 | D17: =COUNTIFS(Roster!$C$3:$C$149,A17,Roster!$H$3:$H$149,"Follow up") -> 12 | E17: =IF(B17=0,0,C17/B17) -> 0.84810127
A18: Spanish | B18: =COUNTIF(Roster!$C$3:$C$149,A18) -> 48 | C18: =COUNTIFS(Roster!$C$3:$C$149,A18,Roster!$H$3:$H$149,"Confirmed") -> 46 | D18: =COUNTIFS(Roster!$C$3:$C$149,A18,Roster!$H$3:$H$149,"Follow up") -> 2 | E18: =IF(B18=0,0,C18/B18) -> 0.95833333
A19: Arabic | B19: =COUNTIF(Roster!$C$3:$C$149,A19) -> 12 | C19: =COUNTIFS(Roster!$C$3:$C$149,A19,Roster!$H$3:$H$149,"Confirmed") -> 12 | D19: =COUNTIFS(Roster!$C$3:$C$149,A19,Roster!$H$3:$H$149,"Follow up") -> 0 | E19: =IF(B19=0,0,C19/B19) -> 1
A20: Portuguese | B20: =COUNTIF(Roster!$C$3:$C$149,A20) -> 8 | C20: =COUNTIFS(Roster!$C$3:$C$149,A20,Roster!$H$3:$H$149,"Confirmed") -> 6 | D20: =COUNTIFS(Roster!$C$3:$C$149,A20,Roster!$H$3:$H$149,"Follow up") -> 2 | E20: =IF(B20=0,0,C20/B20) -> 0.75
A22: Sample data only. Language split is invented for the demo except the 79 English-preferred total.

Sheet Follow-up List
A1: Families to call next (pulled automatically from Roster)
A3: # | B3: Family ID | C3: Testing Week | D3: Preferred Language | E3: Email Sent | F3: Notes
A4: 1 | B4: =IFERROR(INDEX(Roster!$A$3:$A$149,MATCH($A4,Roster!$I$3:$I$149,0)),"") -> F-005 | C4: =IFERROR(INDEX(Roster!$B$3:$B$149,MATCH($A4,Roster!$I$3:$I$149,0)),"") -> Week 1 | D4: =IFERROR(INDEX(Roster!$C$3:$C$149,MATCH($A4,Roster!$I$3:$I$149,0)),"") -> English | E4: =IFERROR(INDEX(Roster!$E$3:$E$149,MATCH($A4,Roster!$I$3:$I$149,0)),"") -> Yes | F4: =IFERROR(INDEX(Roster!$G$3:$G$149,MATCH($A4,Roster!$I$3:$I$149,0)),"") -> Left voicemail
A5: 2 | B5: =IFERROR(INDEX(Roster!$A$3:$A$149,MATCH($A5,Roster!$I$3:$I$149,0)),"") -> F-006 | C5: =IFERROR(INDEX(Roster!$B$3:$B$149,MATCH($A5,Roster!$I$3:$I$149,0)),"") -> Week 1 | D5: =IFERROR(INDEX(Roster!$C$3:$C$149,MATCH($A5,Roster!$I$3:$I$149,0)),"") -> English | E5: =IFERROR(INDEX(Roster!$E$3:$E$149,MATCH($A5,Roster!$I$3:$I$149,0)),"") -> No | F5: =IFERROR(INDEX(Roster!$G$3:$G$149,MATCH($A5,Roster!$I$3:$I$149,0)),"") -> Email bounced, calling
A6: 3 | B6: =IFERROR(INDEX(Roster!$A$3:$A$149,MATCH($A6,Roster!$I$3:$I$149,0)),"") -> F-028 | C6: =IFERROR(INDEX(Roster!$B$3:$B$149,MATCH($A6,Roster!$I$3:$I$149,0)),"") -> Week 2 | D6: =IFERROR(INDEX(Roster!$C$3:$C$149,MATCH($A6,Roster!$I$3:$I$149,0)),"") -> Portuguese | E6: =IFERROR(INDEX(Roster!$E$3:$E$149,MATCH($A6,Roster!$I$3:$I$149,0)),"") -> Yes | F6: =IFERROR(INDEX(Roster!$G$3:$G$149,MATCH($A6,Roster!$I$3:$I$149,0)),"") -> Email bounced, calling
A7: 4 | B7: =IFERROR(INDEX(Roster!$A$3:$A$149,MATCH($A7,Roster!$I$3:$I$149,0)),"") -> F-036 | C7: =IFERROR(INDEX(Roster!$B$3:$B$149,MATCH($A7,Roster!$I$3:$I$149,0)),"") -> Week 1 | D7: =IFERROR(INDEX(Roster!$C$3:$C$149,MATCH($A7,Roster!$I$3:$I$149,0)),"") -> English | E7: =IFERROR(INDEX(Roster!$E$3:$E$149,MATCH($A7,Roster!$I$3:$I$149,0)),"") -> No | F7: =IFERROR(INDEX(Roster!$G$3:$G$149,MATCH($A7,Roster!$I$3:$I$149,0)),"") -> Text sent
A8: 5 | B8: =IFERROR(INDEX(Roster!$A$3:$A$149,MATCH($A8,Roster!$I$3:$I$149,0)),"") -> F-037 | C8: =IFERROR(INDEX(Roster!$B$3:$B$149,MATCH($A8,Roster!$I$3:$I$149,0)),"") -> Week 2 | D8: =IFERROR(INDEX(Roster!$C$3:$C$149,MATCH($A8,Roster!$I$3:$I$149,0)),"") -> English | E8: =IFERROR(INDEX(Roster!$E$3:$E$149,MATCH($A8,Roster!$I$3:$I$149,0)),"") -> No | F8: =IFERROR(INDEX(Roster!$G$3:$G$149,MATCH($A8,Roster!$I$3:$I$149,0)),"") -> Left voicemail
A9: 6 | B9: =IFERROR(INDEX(Roster!$A$3:$A$149,MATCH($A9,Roster!$I$3:$I$149,0)),"") -> F-043 | C9: =IFERROR(INDEX(Roster!$B$3:$B$149,MATCH($A9,Roster!$I$3:$I$149,0)),"") -> Week 3 | D9: =IFERROR(INDEX(Roster!$C$3:$C$149,MATCH($A9,Roster!$I$3:$I$149,0)),"") -> English | E9: =IFERROR(INDEX(Roster!$E$3:$E$149,MATCH($A9,Roster!$I$3:$I$149,0)),"") -> No | F9: =IFERROR(INDEX(Roster!$G$3:$G$149,MATCH($A9,Roster!$I$3:$I$149,0)),"") -> No reply after 2 emails
A10: 7 | B10: =IFERROR(INDEX(Roster!$A$3:$A$149,MATCH($A10,Roster!$I$3:$I$149,0)),"") -> F-053 | C10: =IFERROR(INDEX(Roster!$B$3:$B$149,MATCH($A10,Roster!$I$3:$I$149,0)),"") -> Week 2 | D10: =IFERROR(INDEX(Roster!$C$3:$C$149,MATCH($A10,Roster!$I$3:$I$149,0)),"") -> English | E10: =IFERROR(INDEX(Roster!$E$3:$E$149,MATCH($A10,Roster!$I$3:$I$149,0)),"") -> No | F10: =IFERROR(INDEX(Roster!$G$3:$G$149,MATCH($A10,Roster!$I$3:$I$149,0)),"") -> Text sent
A11: 8 | B11: =IFERROR(INDEX(Roster!$A$3:$A$149,MATCH($A11,Roster!$I$3:$I$149,0)),"") -> F-072 | C11: =IFERROR(INDEX(Roster!$B$3:$B$149,MATCH($A11,Roster!$I$3:$I$149,0)),"") -> Week 3 | D11: =IFERROR(INDEX(Roster!$C$3:$C$149,MATCH($A11,Roster!$I$3:$I$149,0)),"") -> English | E11: =IFERROR(INDEX(Roster!$E$3:$E$149,MATCH($A11,Roster!$I$3:$I$149,0)),"") -> Yes | F11: =IFERROR(INDEX(Roster!$G$3:$G$149,MATCH($A11,Roster!$I$3:$I$149,0)),"") -> Email bounced, calling
A12: 9 | B12: =IFERROR(INDEX(Roster!$A$3:$A$149,MATCH($A12,Roster!$I$3:$I$149,0)),"") -> F-081 | C12: =IFERROR(INDEX(Roster!$B$3:$B$149,MATCH($A12,Roster!$I$3:$I$149,0)),"") -> Week 1 | D12: =IFERROR(INDEX(Roster!$C$3:$C$149,MATCH($A12,Roster!$I$3:$I$149,0)),"") -> Spanish | E12: =IFERROR(INDEX(Roster!$E$3:$E$149,MATCH($A12,Roster!$I$3:$I$149,0)),"") -> Yes | F12: =IFERROR(INDEX(Roster!$G$3:$G$149,MATCH($A12,Roster!$I$3:$I$149,0)),"") -> Left voicemail
A13: 10 | B13: =IFERROR(INDEX(Roster!$A$3:$A$149,MATCH($A13,Roster!$I$3:$I$149,0)),"") -> F-094 | C13: =IFERROR(INDEX(Roster!$B$3:$B$149,MATCH($A13,Roster!$I$3:$I$149,0)),"") -> Week 2 | D13: =IFERROR(INDEX(Roster!$C$3:$C$149,MATCH($A13,Roster!$I$3:$I$149,0)),"") -> English | E13: =IFERROR(INDEX(Roster!$E$3:$E$149,MATCH($A13,Roster!$I$3:$I$149,0)),"") -> Yes | F13: =IFERROR(INDEX(Roster!$G$3:$G$149,MATCH($A13,Roster!$I$3:$I$149,0)),"") -> Email bounced, calling
A14: 11 | B14: =IFERROR(INDEX(Roster!$A$3:$A$149,MATCH($A14,Roster!$I$3:$I$149,0)),"") -> F-097 | C14: =IFERROR(INDEX(Roster!$B$3:$B$149,MATCH($A14,Roster!$I$3:$I$149,0)),"") -> Week 3 | D14: =IFERROR(INDEX(Roster!$C$3:$C$149,MATCH($A14,Roster!$I$3:$I$149,0)),"") -> Spanish | E14: =IFERROR(INDEX(Roster!$E$3:$E$149,MATCH($A14,Roster!$I$3:$I$149,0)),"") -> Yes | F14: =IFERROR(INDEX(Roster!$G$3:$G$149,MATCH($A14,Roster!$I$3:$I$149,0)),"") -> No reply after 2 emails
A15: 12 | B15: =IFERROR(INDEX(Roster!$A$3:$A$149,MATCH($A15,Roster!$I$3:$I$149,0)),"") -> F-107 | C15: =IFERROR(INDEX(Roster!$B$3:$B$149,MATCH($A15,Roster!$I$3:$I$149,0)),"") -> Week 2 | D15: =IFERROR(INDEX(Roster!$C$3:$C$149,MATCH($A15,Roster!$I$3:$I$149,0)),"") -> Portuguese | E15: =IFERROR(INDEX(Roster!$E$3:$E$149,MATCH($A15,Roster!$I$3:$I$149,0)),"") -> No | F15: =IFERROR(INDEX(Roster!$G$3:$G$149,MATCH($A15,Roster!$I$3:$I$149,0)),"") -> Call back after 3pm
... A33: 30 | B33: =IFERROR(INDEX(Roster!$A$3:$A$149,MATCH($A33,Roster!$I$3:$I$149,0)),"") | C33: =IFERROR(INDEX(Roster!$B$3:$B$149,MATCH($A33,Roster!$I$3:$I$149,0)),"") | D33: =IFERROR(INDEX(Roster!$C$3:$C$149,MATCH($A33,Roster!$I$3:$I$149,0)),"") | E33: =IFERROR(INDEX(Roster!$E$3:$E$149,MATCH($A33,Roster!$I$3:$I$149,0)),"") | F33: =IFERROR(INDEX(Roster!$G$3:$G$149,MATCH($A33,Roster!$I$3:$I$149,0)),"")
