Workbook

Sheet Roster
A1: Sample data. All students are fictional (IDs only, no names). Blue cells are typed in; black cells are formulas.
A2: Student ID | B2: Grade | C2: Testing Week | D2: Week 1 # | E2: Week 2 #
A3: S-001 | B3: 8 | C3: Week 1 | D3: =IF(C3="Week 1",COUNTIF($C$3:C3,"Week 1"),"") -> 1 | E3: =IF(C3="Week 2",COUNTIF($C$3:C3,"Week 2"),"")
A4: S-002 | B4: 5 | C4: Week 1 | D4: =IF(C4="Week 1",COUNTIF($C$3:C4,"Week 1"),"") -> 2 | E4: =IF(C4="Week 2",COUNTIF($C$3:C4,"Week 2"),"")
A5: S-003 | B5: 8 | C5: Week 1 | D5: =IF(C5="Week 1",COUNTIF($C$3:C5,"Week 1"),"") -> 3 | E5: =IF(C5="Week 2",COUNTIF($C$3:C5,"Week 2"),"")
A6: S-004 | B6: 5 | C6: Week 2 | D6: =IF(C6="Week 1",COUNTIF($C$3:C6,"Week 1"),"") | E6: =IF(C6="Week 2",COUNTIF($C$3:C6,"Week 2"),"") -> 1
A7: S-005 | B7: 5 | C7: Week 2 | D7: =IF(C7="Week 1",COUNTIF($C$3:C7,"Week 1"),"") | E7: =IF(C7="Week 2",COUNTIF($C$3:C7,"Week 2"),"") -> 2
A8: S-006 | B8: 5 | C8: Week 1 | D8: =IF(C8="Week 1",COUNTIF($C$3:C8,"Week 1"),"") -> 4 | E8: =IF(C8="Week 2",COUNTIF($C$3:C8,"Week 2"),"")
A9: S-007 | B9: 5 | C9: Week 2 | D9: =IF(C9="Week 1",COUNTIF($C$3:C9,"Week 1"),"") | E9: =IF(C9="Week 2",COUNTIF($C$3:C9,"Week 2"),"") -> 3
A10: S-008 | B10: 8 | C10: Week 2 | D10: =IF(C10="Week 1",COUNTIF($C$3:C10,"Week 1"),"") | E10: =IF(C10="Week 2",COUNTIF($C$3:C10,"Week 2"),"") -> 4
A11: S-009 | B11: 5 | C11: Week 1 | D11: =IF(C11="Week 1",COUNTIF($C$3:C11,"Week 1"),"") -> 5 | E11: =IF(C11="Week 2",COUNTIF($C$3:C11,"Week 2"),"")
A12: S-010 | B12: 5 | C12: Week 2 | D12: =IF(C12="Week 1",COUNTIF($C$3:C12,"Week 1"),"") | E12: =IF(C12="Week 2",COUNTIF($C$3:C12,"Week 2"),"") -> 5
A13: S-011 | B13: 5 | C13: Week 1 | D13: =IF(C13="Week 1",COUNTIF($C$3:C13,"Week 1"),"") -> 6 | E13: =IF(C13="Week 2",COUNTIF($C$3:C13,"Week 2"),"")
A14: S-012 | B14: 8 | C14: Week 2 | D14: =IF(C14="Week 1",COUNTIF($C$3:C14,"Week 1"),"") | E14: =IF(C14="Week 2",COUNTIF($C$3:C14,"Week 2"),"") -> 6
... A148: S-146 | B148: 8 | C148: Week 2 | D148: =IF(C148="Week 1",COUNTIF($C$3:C148,"Week 1"),"") | E148: =IF(C148="Week 2",COUNTIF($C$3:C148,"Week 2"),"") -> 71

Sheet Summary
A1: Diagnostic summary (updates from the Week tabs)
A3: Week | B3: Students | C3: ELA completed | D3: ELA % | E3: Math completed | F3: Math % | G3: Avg ELA score | H3: Avg Math score
A4: Week 1 | B4: ='Week 1'!D1 -> 75 | C4: =COUNTIF('Week 1'!D3:D90,"Completed") -> 65 | D4: =IF(B4=0,0,C4/B4) -> 0.86666667 | E4: =COUNTIF('Week 1'!H3:H90,"Completed") -> 66 | F4: =IF(B4=0,0,E4/B4) -> 0.88 | G4: =IFERROR(AVERAGE('Week 1'!E3:E90),0) -> 546.12308 | H4: =IFERROR(AVERAGE('Week 1'!I3:I90),0) -> 539.28788
A5: Week 2 | B5: ='Week 2'!D1 -> 71 | C5: =COUNTIF('Week 2'!D3:D90,"Completed") -> 62 | D5: =IF(B5=0,0,C5/B5) -> 0.87323944 | E5: =COUNTIF('Week 2'!H3:H90,"Completed") -> 61 | F5: =IF(B5=0,0,E5/B5) -> 0.85915493 | G5: =IFERROR(AVERAGE('Week 2'!E3:E90),0) -> 557.74194 | H5: =IFERROR(AVERAGE('Week 2'!I3:I90),0) -> 561.40984
A6: Total | B6: =SUM(B4:B5) -> 146 | C6: =SUM(C4:C5) -> 127 | D6: =IF(B6=0,0,C6/B6) -> 0.86986301 | E6: =SUM(E4:E5) -> 127 | F6: =IF(B6=0,0,E6/B6) -> 0.86986301 | G6: =IFERROR(AVERAGE('Week 1'!E3:E90,'Week 2'!E3:E90),0) -> 551.79528 | H6: =IFERROR(AVERAGE('Week 1'!I3:I90,'Week 2'!I3:I90),0) -> 549.91339
A9: Placement vs. grade | B9: ELA students | C9: ELA % | D9: Math students | E9: Math %
A10: On/above grade | B10: =COUNTIF('Week 1'!G3:G90,A10)+COUNTIF('Week 2'!G3:G90,A10) -> 38 | C10: =IF(SUM($B$10:$B$13)=0,0,B10/SUM($B$10:$B$13)) -> 0.2992126 | D10: =COUNTIF('Week 1'!K3:K90,A10)+COUNTIF('Week 2'!K3:K90,A10) -> 36 | E10: =IF(SUM($D$10:$D$13)=0,0,D10/SUM($D$10:$D$13)) -> 0.28346457
A11: 1 grade below | B11: =COUNTIF('Week 1'!G3:G90,A11)+COUNTIF('Week 2'!G3:G90,A11) -> 33 | C11: =IF(SUM($B$10:$B$13)=0,0,B11/SUM($B$10:$B$13)) -> 0.25984252 | D11: =COUNTIF('Week 1'!K3:K90,A11)+COUNTIF('Week 2'!K3:K90,A11) -> 40 | E11: =IF(SUM($D$10:$D$13)=0,0,D11/SUM($D$10:$D$13)) -> 0.31496063
A12: 2 grades below | B12: =COUNTIF('Week 1'!G3:G90,A12)+COUNTIF('Week 2'!G3:G90,A12) -> 30 | C12: =IF(SUM($B$10:$B$13)=0,0,B12/SUM($B$10:$B$13)) -> 0.23622047 | D12: =COUNTIF('Week 1'!K3:K90,A12)+COUNTIF('Week 2'!K3:K90,A12) -> 29 | E12: =IF(SUM($D$10:$D$13)=0,0,D12/SUM($D$10:$D$13)) -> 0.22834646
A13: 3+ grades below | B13: =COUNTIF('Week 1'!G3:G90,A13)+COUNTIF('Week 2'!G3:G90,A13) -> 26 | C13: =IF(SUM($B$10:$B$13)=0,0,B13/SUM($B$10:$B$13)) -> 0.20472441 | D13: =COUNTIF('Week 1'!K3:K90,A13)+COUNTIF('Week 2'!K3:K90,A13) -> 22 | E13: =IF(SUM($D$10:$D$13)=0,0,D13/SUM($D$10:$D$13)) -> 0.17322835
A16: Group (Week 1) | B16: Students | C16: Group (Week 2) | D16: Students
A17: Group A | B17: =COUNTIF('Week 1'!C3:C90,A17) -> 25 | C17: Group A | D17: =COUNTIF('Week 2'!C3:C90,C17) -> 24
A18: Group B | B18: =COUNTIF('Week 1'!C3:C90,A18) -> 25 | C18: Group B | D18: =COUNTIF('Week 2'!C3:C90,C18) -> 24
A19: Group C | B19: =COUNTIF('Week 1'!C3:C90,A19) -> 25 | C19: Group C | D19: =COUNTIF('Week 2'!C3:C90,C19) -> 23
A21: Placement is the overall i-Ready placement level entered from the diagnostic report. Scores and placements here are invented for the demo.

Sheet Week 1
A1: Week 1 | C1: Students: | D1: =COUNTIF(A3:A87,"S-*") -> 75 | E1: Per group: | F1: =ROUNDUP(D1/3,0) -> 25
A2: Student ID | B2: Grade | C2: Group | D2: ELA Status | E2: ELA Score | F2: ELA Placement | G2: ELA vs. Grade | H2: Math Status | I2: Math Score | J2: Math Placement | K2: Math vs. Grade | L2: Mon | M2: Tue | N2: Wed | O2: Notes
A3: =IFERROR(INDEX(Roster!$A$3:$A$148,MATCH(1,Roster!$D$3:$D$148,0)),"") -> S-001 | B3: =IFERROR(INDEX(Roster!$B$3:$B$148,MATCH(1,Roster!$D$3:$D$148,0)),"") -> 8 | C3: =IF(A3="","",IF(ROW()-3<$F$1,"Group A",IF(ROW()-3<2*$F$1,"Group B","Group C"))) -> Group A | D3: Completed | E3: 667 | F3: Grade 8 | G3: =IF(F3="","",IF(B3-IF(F3="Grade K",0,VALUE(SUBSTITUTE(F3,"Grade ","")))<=0,"On/above grade",IF(B3-IF(F3="Grade K",0,VALUE(SUBSTITUTE(F3,"Grade ","")))=1,"1 grade below",IF(B3-IF(F3="Grade K",0,VALUE(SUBSTITUTE(F3,"Grade ","")))=2,"2 grades below","3+ grades below")))) -> On/above grade | H3: Completed | I3: 582 | J3: Grade 6 | K3: =IF(J3="","",IF(B3-IF(J3="Grade K",0,VALUE(SUBSTITUTE(J3,"Grade ","")))<=0,"On/above grade",IF(B3-IF(J3="Grade K",0,VALUE(SUBSTITUTE(J3,"Grade ","")))=1,"1 grade below",IF(B3-IF(J3="Grade K",0,VALUE(SUBSTITUTE(J3,"Grade ","")))=2,"2 grades below","3+ grades below")))) -> 2 grades below | L3: Completed All | M3: Present | N3: Present
A4: =IFERROR(INDEX(Roster!$A$3:$A$148,MATCH(2,Roster!$D$3:$D$148,0)),"") -> S-002 | B4: =IFERROR(INDEX(Roster!$B$3:$B$148,MATCH(2,Roster!$D$3:$D$148,0)),"") -> 5 | C4: =IF(A4="","",IF(ROW()-3<$F$1,"Group A",IF(ROW()-3<2*$F$1,"Group B","Group C"))) -> Group A | D4: Completed | E4: 566 | F4: Grade 5 | G4: =IF(F4="","",IF(B4-IF(F4="Grade K",0,VALUE(SUBSTITUTE(F4,"Grade ","")))<=0,"On/above grade",IF(B4-IF(F4="Grade K",0,VALUE(SUBSTITUTE(F4,"Grade ","")))=1,"1 grade below",IF(B4-IF(F4="Grade K",0,VALUE(SUBSTITUTE(F4,"Grade ","")))=2,"2 grades below","3+ grades below")))) -> On/above grade | H4: Completed | I4: 432 | J4: Grade 2 | K4: =IF(J4="","",IF(B4-IF(J4="Grade K",0,VALUE(SUBSTITUTE(J4,"Grade ","")))<=0,"On/above grade",IF(B4-IF(J4="Grade K",0,VALUE(SUBSTITUTE(J4,"Grade ","")))=1,"1 grade below",IF(B4-IF(J4="Grade K",0,VALUE(SUBSTITUTE(J4,"Grade ","")))=2,"2 grades below","3+ grades below")))) -> 3+ grades below | L4: Completed All | M4: Absent | N4: Present
A5: =IFERROR(INDEX(Roster!$A$3:$A$148,MATCH(3,Roster!$D$3:$D$148,0)),"") -> S-003 | B5: =IFERROR(INDEX(Roster!$B$3:$B$148,MATCH(3,Roster!$D$3:$D$148,0)),"") -> 8 | C5: =IF(A5="","",IF(ROW()-3<$F$1,"Group A",IF(ROW()-3<2*$F$1,"Group B","Group C"))) -> Group A | D5: Completed | E5: 622 | F5: Grade 7 | G5: =IF(F5="","",IF(B5-IF(F5="Grade K",0,VALUE(SUBSTITUTE(F5,"Grade ","")))<=0,"On/above grade",IF(B5-IF(F5="Grade K",0,VALUE(SUBSTITUTE(F5,"Grade ","")))=1,"1 grade below",IF(B5-IF(F5="Grade K",0,VALUE(SUBSTITUTE(F5,"Grade ","")))=2,"2 grades below","3+ grades below")))) -> 1 grade below | H5: Absent | K5: =IF(J5="","",IF(B5-IF(J5="Grade K",0,VALUE(SUBSTITUTE(J5,"Grade ","")))<=0,"On/above grade",IF(B5-IF(J5="Grade K",0,VALUE(SUBSTITUTE(J5,"Grade ","")))=1,"1 grade below",IF(B5-IF(J5="Grade K",0,VALUE(SUBSTITUTE(J5,"Grade ","")))=2,"2 grades below","3+ grades below")))) | L5: Completed All | M5: Present | N5: Present
A6: =IFERROR(INDEX(Roster!$A$3:$A$148,MATCH(4,Roster!$D$3:$D$148,0)),"") -> S-006 | B6: =IFERROR(INDEX(Roster!$B$3:$B$148,MATCH(4,Roster!$D$3:$D$148,0)),"") -> 5 | C6: =IF(A6="","",IF(ROW()-3<$F$1,"Group A",IF(ROW()-3<2*$F$1,"Group B","Group C"))) -> Group A | D6: Completed | E6: 504 | F6: Grade 3 | G6: =IF(F6="","",IF(B6-IF(F6="Grade K",0,VALUE(SUBSTITUTE(F6,"Grade ","")))<=0,"On/above grade",IF(B6-IF(F6="Grade K",0,VALUE(SUBSTITUTE(F6,"Grade ","")))=1,"1 grade below",IF(B6-IF(F6="Grade K",0,VALUE(SUBSTITUTE(F6,"Grade ","")))=2,"2 grades below","3+ grades below")))) -> 2 grades below | H6: Completed | I6: 537 | J6: Grade 5 | K6: =IF(J6="","",IF(B6-IF(J6="Grade K",0,VALUE(SUBSTITUTE(J6,"Grade ","")))<=0,"On/above grade",IF(B6-IF(J6="Grade K",0,VALUE(SUBSTITUTE(J6,"Grade ","")))=1,"1 grade below",IF(B6-IF(J6="Grade K",0,VALUE(SUBSTITUTE(J6,"Grade ","")))=2,"2 grades below","3+ grades below")))) -> On/above grade | L6: Present | M6: Completed All | N6: Completed All
A7: =IFERROR(INDEX(Roster!$A$3:$A$148,MATCH(5,Roster!$D$3:$D$148,0)),"") -> S-009 | B7: =IFERROR(INDEX(Roster!$B$3:$B$148,MATCH(5,Roster!$D$3:$D$148,0)),"") -> 5 | C7: =IF(A7="","",IF(ROW()-3<$F$1,"Group A",IF(ROW()-3<2*$F$1,"Group B","Group C"))) -> Group A | D7: Completed | E7: 536 | F7: Grade 4 | G7: =IF(F7="","",IF(B7-IF(F7="Grade K",0,VALUE(SUBSTITUTE(F7,"Grade ","")))<=0,"On/above grade",IF(B7-IF(F7="Grade K",0,VALUE(SUBSTITUTE(F7,"Grade ","")))=1,"1 grade below",IF(B7-IF(F7="Grade K",0,VALUE(SUBSTITUTE(F7,"Grade ","")))=2,"2 grades below","3+ grades below")))) -> 1 grade below | H7: Completed | I7: 564 | J7: Grade 5 | K7: =IF(J7="","",IF(B7-IF(J7="Grade K",0,VALUE(SUBSTITUTE(J7,"Grade ","")))<=0,"On/above grade",IF(B7-IF(J7="Grade K",0,VALUE(SUBSTITUTE(J7,"Grade ","")))=1,"1 grade below",IF(B7-IF(J7="Grade K",0,VALUE(SUBSTITUTE(J7,"Grade ","")))=2,"2 grades below","3+ grades below")))) -> On/above grade | L7: Present | M7: Completed All | N7: Present
A8: =IFERROR(INDEX(Roster!$A$3:$A$148,MATCH(6,Roster!$D$3:$D$148,0)),"") -> S-011 | B8: =IFERROR(INDEX(Roster!$B$3:$B$148,MATCH(6,Roster!$D$3:$D$148,0)),"") -> 5 | C8: =IF(A8="","",IF(ROW()-3<$F$1,"Group A",IF(ROW()-3<2*$F$1,"Group B","Group C"))) -> Group A | D8: Completed | E8: 505 | F8: Grade 3 | G8: =IF(F8="","",IF(B8-IF(F8="Grade K",0,VALUE(SUBSTITUTE(F8,"Grade ","")))<=0,"On/above grade",IF(B8-IF(F8="Grade K",0,VALUE(SUBSTITUTE(F8,"Grade ","")))=1,"1 grade below",IF(B8-IF(F8="Grade K",0,VALUE(SUBSTITUTE(F8,"Grade ","")))=2,"2 grades below","3+ grades below")))) -> 2 grades below | H8: Completed | I8: 569 | J8: Grade 5 | K8: =IF(J8="","",IF(B8-IF(J8="Grade K",0,VALUE(SUBSTITUTE(J8,"Grade ","")))<=0,"On/above grade",IF(B8-IF(J8="Grade K",0,VALUE(SUBSTITUTE(J8,"Grade ","")))=1,"1 grade below",IF(B8-IF(J8="Grade K",0,VALUE(SUBSTITUTE(J8,"Grade ","")))=2,"2 grades below","3+ grades below")))) -> On/above grade | L8: Completed All | M8: Completed All | N8: Absent
A9: =IFERROR(INDEX(Roster!$A$3:$A$148,MATCH(7,Roster!$D$3:$D$148,0)),"") -> S-013 | B9: =IFERROR(INDEX(Roster!$B$3:$B$148,MATCH(7,Roster!$D$3:$D$148,0)),"") -> 5 | C9: =IF(A9="","",IF(ROW()-3<$F$1,"Group A",IF(ROW()-3<2*$F$1,"Group B","Group C"))) -> Group A | D9: Completed | E9: 565 | F9: Grade 5 | G9: =IF(F9="","",IF(B9-IF(F9="Grade K",0,VALUE(SUBSTITUTE(F9,"Grade ","")))<=0,"On/above grade",IF(B9-IF(F9="Grade K",0,VALUE(SUBSTITUTE(F9,"Grade ","")))=1,"1 grade below",IF(B9-IF(F9="Grade K",0,VALUE(SUBSTITUTE(F9,"Grade ","")))=2,"2 grades below","3+ grades below")))) -> On/above grade | H9: Completed | I9: 495 | J9: Grade 3 | K9: =IF(J9="","",IF(B9-IF(J9="Grade K",0,VALUE(SUBSTITUTE(J9,"Grade ","")))<=0,"On/above grade",IF(B9-IF(J9="Grade K",0,VALUE(SUBSTITUTE(J9,"Grade ","")))=1,"1 grade below",IF(B9-IF(J9="Grade K",0,VALUE(SUBSTITUTE(J9,"Grade ","")))=2,"2 grades below","3+ grades below")))) -> 2 grades below | L9: Present | M9: Present | N9: Present
A10: =IFERROR(INDEX(Roster!$A$3:$A$148,MATCH(8,Roster!$D$3:$D$148,0)),"") -> S-017 | B10: =IFERROR(INDEX(Roster!$B$3:$B$148,MATCH(8,Roster!$D$3:$D$148,0)),"") -> 5 | C10: =IF(A10="","",IF(ROW()-3<$F$1,"Group A",IF(ROW()-3<2*$F$1,"Group B","Group C"))) -> Group A | D10: Completed | E10: 533 | F10: Grade 4 | G10: =IF(F10="","",IF(B10-IF(F10="Grade K",0,VALUE(SUBSTITUTE(F10,"Grade ","")))<=0,"On/above grade",IF(B10-IF(F10="Grade K",0,VALUE(SUBSTITUTE(F10,"Grade ","")))=1,"1 grade below",IF(B10-IF(F10="Grade K",0,VALUE(SUBSTITUTE(F10,"Grade ","")))=2,"2 grades below","3+ grades below")))) -> 1 grade below | H10: Completed | I10: 405 | J10: Grade 1 | K10: =IF(J10="","",IF(B10-IF(J10="Grade K",0,VALUE(SUBSTITUTE(J10,"Grade ","")))<=0,"On/above grade",IF(B10-IF(J10="Grade K",0,VALUE(SUBSTITUTE(J10,"Grade ","")))=1,"1 grade below",IF(B10-IF(J10="Grade K",0,VALUE(SUBSTITUTE(J10,"Grade ","")))=2,"2 grades below","3+ grades below")))) -> 3+ grades below | L10: Present | M10: Completed All | N10: Absent
A11: =IFERROR(INDEX(Roster!$A$3:$A$148,MATCH(9,Roster!$D$3:$D$148,0)),"") -> S-021 | B11: =IFERROR(INDEX(Roster!$B$3:$B$148,MATCH(9,Roster!$D$3:$D$148,0)),"") -> 5 | C11: =IF(A11="","",IF(ROW()-3<$F$1,"Group A",IF(ROW()-3<2*$F$1,"Group B","Group C"))) -> Group A | D11: Completed | E11: 419 | F11: Grade 1 | G11: =IF(F11="","",IF(B11-IF(F11="Grade K",0,VALUE(SUBSTITUTE(F11,"Grade ","")))<=0,"On/above grade",IF(B11-IF(F11="Grade K",0,VALUE(SUBSTITUTE(F11,"Grade ","")))=1,"1 grade below",IF(B11-IF(F11="Grade K",0,VALUE(SUBSTITUTE(F11,"Grade ","")))=2,"2 grades below","3+ grades below")))) -> 3+ grades below | H11: Completed | I11: 540 | J11: Grade 4 | K11: =IF(J11="","",IF(B11-IF(J11="Grade K",0,VALUE(SUBSTITUTE(J11,"Grade ","")))<=0,"On/above grade",IF(B11-IF(J11="Grade K",0,VALUE(SUBSTITUTE(J11,"Grade ","")))=1,"1 grade below",IF(B11-IF(J11="Grade K",0,VALUE(SUBSTITUTE(J11,"Grade ","")))=2,"2 grades below","3+ grades below")))) -> 1 grade below | L11: Completed All | M11: Present | N11: Present
A12: =IFERROR(INDEX(Roster!$A$3:$A$148,MATCH(10,Roster!$D$3:$D$148,0)),"") -> S-022 | B12: =IFERROR(INDEX(Roster!$B$3:$B$148,MATCH(10,Roster!$D$3:$D$148,0)),"") -> 5 | C12: =IF(A12="","",IF(ROW()-3<$F$1,"Group A",IF(ROW()-3<2*$F$1,"Group B","Group C"))) -> Group A | D12: Completed | E12: 521 | F12: Grade 4 | G12: =IF(F12="","",IF(B12-IF(F12="Grade K",0,VALUE(SUBSTITUTE(F12,"Grade ","")))<=0,"On/above grade",IF(B12-IF(F12="Grade K",0,VALUE(SUBSTITUTE(F12,"Grade ","")))=1,"1 grade below",IF(B12-IF(F12="Grade K",0,VALUE(SUBSTITUTE(F12,"Grade ","")))=2,"2 grades below","3+ grades below")))) -> 1 grade below | H12: Completed | I12: 478 | J12: Grade 3 | K12: =IF(J12="","",IF(B12-IF(J12="Grade K",0,VALUE(SUBSTITUTE(J12,"Grade ","")))<=0,"On/above grade",IF(B12-IF(J12="Grade K",0,VALUE(SUBSTITUTE(J12,"Grade ","")))=1,"1 grade below",IF(B12-IF(J12="Grade K",0,VALUE(SUBSTITUTE(J12,"Grade ","")))=2,"2 grades below","3+ grades below")))) -> 2 grades below | L12: Present | M12: Completed All | N12: Completed All
A13: =IFERROR(INDEX(Roster!$A$3:$A$148,MATCH(11,Roster!$D$3:$D$148,0)),"") -> S-024 | B13: =IFERROR(INDEX(Roster!$B$3:$B$148,MATCH(11,Roster!$D$3:$D$148,0)),"") -> 5 | C13: =IF(A13="","",IF(ROW()-3<$F$1,"Group A",IF(ROW()-3<2*$F$1,"Group B","Group C"))) -> Group A | D13: Absent | G13: =IF(F13="","",IF(B13-IF(F13="Grade K",0,VALUE(SUBSTITUTE(F13,"Grade ","")))<=0,"On/above grade",IF(B13-IF(F13="Grade K",0,VALUE(SUBSTITUTE(F13,"Grade ","")))=1,"1 grade below",IF(B13-IF(F13="Grade K",0,VALUE(SUBSTITUTE(F13,"Grade ","")))=2,"2 grades below","3+ grades below")))) | H13: Completed | I13: 559 | J13: Grade 5 | K13: =IF(J13="","",IF(B13-IF(J13="Grade K",0,VALUE(SUBSTITUTE(J13,"Grade ","")))<=0,"On/above grade",IF(B13-IF(J13="Grade K",0,VALUE(SUBSTITUTE(J13,"Grade ","")))=1,"1 grade below",IF(B13-IF(J13="Grade K",0,VALUE(SUBSTITUTE(J13,"Grade ","")))=2,"2 grades below","3+ grades below")))) -> On/above grade | L13: Absent | M13: Absent | N13: Present
A14: =IFERROR(INDEX(Roster!$A$3:$A$148,MATCH(12,Roster!$D$3:$D$148,0)),"") -> S-026 | B14: =IFERROR(INDEX(Roster!$B$3:$B$148,MATCH(12,Roster!$D$3:$D$148,0)),"") -> 8 | C14: =IF(A14="","",IF(ROW()-3<$F$1,"Group A",IF(ROW()-3<2*$F$1,"Group B","Group C"))) -> Group A | D14: Completed | E14: 606 | F14: Grade 7 | G14: =IF(F14="","",IF(B14-IF(F14="Grade K",0,VALUE(SUBSTITUTE(F14,"Grade ","")))<=0,"On/above grade",IF(B14-IF(F14="Grade K",0,VALUE(SUBSTITUTE(F14,"Grade ","")))=1,"1 grade below",IF(B14-IF(F14="Grade K",0,VALUE(SUBSTITUTE(F14,"Grade ","")))=2,"2 grades below","3+ grades below")))) -> 1 grade below | H14: Completed | I14: 668 | J14: Grade 8 | K14: =IF(J14="","",IF(B14-IF(J14="Grade K",0,VALUE(SUBSTITUTE(J14,"Grade ","")))<=0,"On/above grade",IF(B14-IF(J14="Grade K",0,VALUE(SUBSTITUTE(J14,"Grade ","")))=1,"1 grade below",IF(B14-IF(J14="Grade K",0,VALUE(SUBSTITUTE(J14,"Grade ","")))=2,"2 grades below","3+ grades below")))) -> On/above grade | L14: Present | M14: Present | N14: Present
A15: =IFERROR(INDEX(Roster!$A$3:$A$148,MATCH(13,Roster!$D$3:$D$148,0)),"") -> S-027 | B15: =IFERROR(INDEX(Roster!$B$3:$B$148,MATCH(13,Roster!$D$3:$D$148,0)),"") -> 5 | C15: =IF(A15="","",IF(ROW()-3<$F$1,"Group A",IF(ROW()-3<2*$F$1,"Group B","Group C"))) -> Group A | D15: Absent | G15: =IF(F15="","",IF(B15-IF(F15="Grade K",0,VALUE(SUBSTITUTE(F15,"Grade ","")))<=0,"On/above grade",IF(B15-IF(F15="Grade K",0,VALUE(SUBSTITUTE(F15,"Grade ","")))=1,"1 grade below",IF(B15-IF(F15="Grade K",0,VALUE(SUBSTITUTE(F15,"Grade ","")))=2,"2 grades below","3+ grades below")))) | H15: Completed | I15: 457 | J15: Grade 2 | K15: =IF(J15="","",IF(B15-IF(J15="Grade K",0,VALUE(SUBSTITUTE(J15,"Grade ","")))<=0,"On/above grade",IF(B15-IF(J15="Grade K",0,VALUE(SUBSTITUTE(J15,"Grade ","")))=1,"1 grade below",IF(B15-IF(J15="Grade K",0,VALUE(SUBSTITUTE(J15,"Grade ","")))=2,"2 grades below","3+ grades below")))) -> 3+ grades below | L15: Completed All | M15: Present | N15: Present
A16: =IFERROR(INDEX(Roster!$A$3:$A$148,MATCH(14,Roster!$D$3:$D$148,0)),"") -> S-028 | B16: =IFERROR(INDEX(Roster!$B$3:$B$148,MATCH(14,Roster!$D$3:$D$148,0)),"") -> 8 | C16: =IF(A16="","",IF(ROW()-3<$F$1,"Group A",IF(ROW()-3<2*$F$1,"Group B","Group C"))) -> Group A | D16: Completed | E16: 649 | F16: Grade 8 | G16: =IF(F16="","",IF(B16-IF(F16="Grade K",0,VALUE(SUBSTITUTE(F16,"Grade ","")))<=0,"On/above grade",IF(B16-IF(F16="Grade K",0,VALUE(SUBSTITUTE(F16,"Grade ","")))=1,"1 grade below",IF(B16-IF(F16="Grade K",0,VALUE(SUBSTITUTE(F16,"Grade ","")))=2,"2 grades below","3+ grades below")))) -> On/above grade | H16: Absent | K16: =IF(J16="","",IF(B16-IF(J16="Grade K",0,VALUE(SUBSTITUTE(J16,"Grade ","")))<=0,"On/above grade",IF(B16-IF(J16="Grade K",0,VALUE(SUBSTITUTE(J16,"Grade ","")))=1,"1 grade below",IF(B16-IF(J16="Grade K",0,VALUE(SUBSTITUTE(J16,"Grade ","")))=2,"2 grades below","3+ grades below")))) | L16: Absent | M16: Present | N16: Completed All
A17: =IFERROR(INDEX(Roster!$A$3:$A$148,MATCH(15,Roster!$D$3:$D$148,0)),"") -> S-031 | B17: =IFERROR(INDEX(Roster!$B$3:$B$148,MATCH(15,Roster!$D$3:$D$148,0)),"") -> 5 | C17: =IF(A17="","",IF(ROW()-3<$F$1,"Group A",IF(ROW()-3<2*$F$1,"Group B","Group C"))) -> Group A | D17: Completed | E17: 467 | F17: Grade 2 | G17: =IF(F17="","",IF(B17-IF(F17="Grade K",0,VALUE(SUBSTITUTE(F17,"Grade ","")))<=0,"On/above grade",IF(B17-IF(F17="Grade K",0,VALUE(SUBSTITUTE(F17,"Grade ","")))=1,"1 grade below",IF(B17-IF(F17="Grade K",0,VALUE(SUBSTITUTE(F17,"Grade ","")))=2,"2 grades below","3+ grades below")))) -> 3+ grades below | H17: Absent | K17: =IF(J17="","",IF(B17-IF(J17="Grade K",0,VALUE(SUBSTITUTE(J17,"Grade ","")))<=0,"On/above grade",IF(B17-IF(J17="Grade K",0,VALUE(SUBSTITUTE(J17,"Grade ","")))=1,"1 grade below",IF(B17-IF(J17="Grade K",0,VALUE(SUBSTITUTE(J17,"Grade ","")))=2,"2 grades below","3+ grades below")))) | L17: Present | M17: Present | N17: Present
A18: =IFERROR(INDEX(Roster!$A$3:$A$148,MATCH(16,Roster!$D$3:$D$148,0)),"") -> S-034 | B18: =IFERROR(INDEX(Roster!$B$3:$B$148,MATCH(16,Roster!$D$3:$D$148,0)),"") -> 5 | C18: =IF(A18="","",IF(ROW()-3<$F$1,"Group A",IF(ROW()-3<2*$F$1,"Group B","Group C"))) -> Group A | D18: Completed | E18: 505 | F18: Grade 3 | G18: =IF(F18="","",IF(B18-IF(F18="Grade K",0,VALUE(SUBSTITUTE(F18,"Grade ","")))<=0,"On/above grade",IF(B18-IF(F18="Grade K",0,VALUE(SUBSTITUTE(F18,"Grade ","")))=1,"1 grade below",IF(B18-IF(F18="Grade K",0,VALUE(SUBSTITUTE(F18,"Grade ","")))=2,"2 grades below","3+ grades below")))) -> 2 grades below | H18: Completed | I18: 535 | J18: Grade 4 | K18: =IF(J18="","",IF(B18-IF(J18="Grade K",0,VALUE(SUBSTITUTE(J18,"Grade ","")))<=0,"On/above grade",IF(B18-IF(J18="Grade K",0,VALUE(SUBSTITUTE(J18,"Grade ","")))=1,"1 grade below",IF(B18-IF(J18="Grade K",0,VALUE(SUBSTITUTE(J18,"Grade ","")))=2,"2 grades below","3+ grades below")))) -> 1 grade below | L18: Present | M18: Completed All | N18: Absent
A19: =IFERROR(INDEX(Roster!$A$3:$A$148,MATCH(17,Roster!$D$3:$D$148,0)),"") -> S-035 | B19: =IFERROR(INDEX(Roster!$B$3:$B$148,MATCH(17,Roster!$D$3:$D$148,0)),"") -> 5 | C19: =IF(A19="","",IF(ROW()-3<$F$1,"Group A",IF(ROW()-3<2*$F$1,"Group B","Group C"))) -> Group A | D19: Started | G19: =IF(F19="","",IF(B19-IF(F19="Grade K",0,VALUE(SUBSTITUTE(F19,"Grade ","")))<=0,"On/above grade",IF(B19-IF(F19="Grade K",0,VALUE(SUBSTITUTE(F19,"Grade ","")))=1,"1 grade below",IF(B19-IF(F19="Grade K",0,VALUE(SUBSTITUTE(F19,"Grade ","")))=2,"2 grades below","3+ grades below")))) | H19: Completed | I19: 509 | J19: Grade 4 | K19: =IF(J19="","",IF(B19-IF(J19="Grade K",0,VALUE(SUBSTITUTE(J19,"Grade ","")))<=0,"On/above grade",IF(B19-IF(J19="Grade K",0,VALUE(SUBSTITUTE(J19,"Grade ","")))=1,"1 grade below",IF(B19-IF(J19="Grade K",0,VALUE(SUBSTITUTE(J19,"Grade ","")))=2,"2 grades below","3+ grades below")))) -> 1 grade below | L19: Absent | M19: Present | N19: Present
A20: =IFERROR(INDEX(Roster!$A$3:$A$148,MATCH(18,Roster!$D$3:$D$148,0)),"") -> S-039 | B20: =IFERROR(INDEX(Roster!$B$3:$B$148,MATCH(18,Roster!$D$3:$D$148,0)),"") -> 8 | C20: =IF(A20="","",IF(ROW()-3<$F$1,"Group A",IF(ROW()-3<2*$F$1,"Group B","Group C"))) -> Group A | D20: Completed | E20: 637 | F20: Grade 7 | G20: =IF(F20="","",IF(B20-IF(F20="Grade K",0,VALUE(SUBSTITUTE(F20,"Grade ","")))<=0,"On/above grade",IF(B20-IF(F20="Grade K",0,VALUE(SUBSTITUTE(F20,"Grade ","")))=1,"1 grade below",IF(B20-IF(F20="Grade K",0,VALUE(SUBSTITUTE(F20,"Grade ","")))=2,"2 grades below","3+ grades below")))) -> 1 grade below | H20: Completed | I20: 639 | J20: Grade 7 | K20: =IF(J20="","",IF(B20-IF(J20="Grade K",0,VALUE(SUBSTITUTE(J20,"Grade ","")))<=0,"On/above grade",IF(B20-IF(J20="Grade K",0,VALUE(SUBSTITUTE(J20,"Grade ","")))=1,"1 grade below",IF(B20-IF(J20="Grade K",0,VALUE(SUBSTITUTE(J20,"Grade ","")))=2,"2 grades below","3+ grades below")))) -> 1 grade below | L20: Absent | M20: Present | N20: Present
A21: =IFERROR(INDEX(Roster!$A$3:$A$148,MATCH(19,Roster!$D$3:$D$148,0)),"") -> S-042 | B21: =IFERROR(INDEX(Roster!$B$3:$B$148,MATCH(19,Roster!$D$3:$D$148,0)),"") -> 5 | C21: =IF(A21="","",IF(ROW()-3<$F$1,"Group A",IF(ROW()-3<2*$F$1,"Group B","Group C"))) -> Group A | D21: Completed | E21: 531 | F21: Grade 4 | G21: =IF(F21="","",IF(B21-IF(F21="Grade K",0,VALUE(SUBSTITUTE(F21,"Grade ","")))<=0,"On/above grade",IF(B21-IF(F21="Grade K",0,VALUE(SUBSTITUTE(F21,"Grade ","")))=1,"1 grade below",IF(B21-IF(F21="Grade K",0,VALUE(SUBSTITUTE(F21,"Grade ","")))=2,"2 grades below","3+ grades below")))) -> 1 grade below | H21: Completed | I21: 569 | J21: Grade 5 | K21: =IF(J21="","",IF(B21-IF(J21="Grade K",0,VALUE(SUBSTITUTE(J21,"Grade ","")))<=0,"On/above grade",IF(B21-IF(J21="Grade K",0,VALUE(SUBSTITUTE(J21,"Grade ","")))=1,"1 grade below",IF(B21-IF(J21="Grade K",0,VALUE(SUBSTITUTE(J21,"Grade ","")))=2,"2 grades below","3+ grades below")))) -> On/above grade | L21: Present | M21: Absent | N21: Completed All
A22: =IFERROR(INDEX(Roster!$A$3:$A$148,MATCH(20,Roster!$D$3:$D$148,0)),"") -> S-043 | B22: =IFERROR(INDEX(Roster!$B$3:$B$148,MATCH(20,Roster!$D$3:$D$148,0)),"") -> 5 | C22: =IF(A22="","",IF(ROW()-3<$F$1,"Group A",IF(ROW()-3<2*$F$1,"Group B","Group C"))) -> Group A | D22: Completed | E22: 566 | F22: Grade 5 | G22: =IF(F22="","",IF(B22-IF(F22="Grade K",0,VALUE(SUBSTITUTE(F22,"Grade ","")))<=0,"On/above grade",IF(B22-IF(F22="Grade K",0,VALUE(SUBSTITUTE(F22,"Grade ","")))=1,"1 grade below",IF(B22-IF(F22="Grade K",0,VALUE(SUBSTITUTE(F22,"Grade ","")))=2,"2 grades below","3+ grades below")))) -> On/above grade | H22: Completed | I22: 530 | J22: Grade 4 | K22: =IF(J22="","",IF(B22-IF(J22="Grade K",0,VALUE(SUBSTITUTE(J22,"Grade ","")))<=0,"On/above grade",IF(B22-IF(J22="Grade K",0,VALUE(SUBSTITUTE(J22,"Grade ","")))=1,"1 grade below",IF(B22-IF(J22="Grade K",0,VALUE(SUBSTITUTE(J22,"Grade ","")))=2,"2 grades below","3+ grades below")))) -> 1 grade below | L22: Present | M22: Present | N22: Present
A23: =IFERROR(INDEX(Roster!$A$3:$A$148,MATCH(21,Roster!$D$3:$D$148,0)),"") -> S-044 | B23: =IFERROR(INDEX(Roster!$B$3:$B$148,MATCH(21,Roster!$D$3:$D$148,0)),"") -> 5 | C23: =IF(A23="","",IF(ROW()-3<$F$1,"Group A",IF(ROW()-3<2*$F$1,"Group B","Group C"))) -> Group A | D23: Completed | E23: 536 | F23: Grade 5 | G23: =IF(F23="","",IF(B23-IF(F23="Grade K",0,VALUE(SUBSTITUTE(F23,"Grade ","")))<=0,"On/above grade",IF(B23-IF(F23="Grade K",0,VALUE(SUBSTITUTE(F23,"Grade ","")))=1,"1 grade below",IF(B23-IF(F23="Grade K",0,VALUE(SUBSTITUTE(F23,"Grade ","")))=2,"2 grades below","3+ grades below")))) -> On/above grade | H23: Completed | I23: 535 | J23: Grade 5 | K23: =IF(J23="","",IF(B23-IF(J23="Grade K",0,VALUE(SUBSTITUTE(J23,"Grade ","")))<=0,"On/above grade",IF(B23-IF(J23="Grade K",0,VALUE(SUBSTITUTE(J23,"Grade ","")))=1,"1 grade below",IF(B23-IF(J23="Grade K",0,VALUE(SUBSTITUTE(J23,"Grade ","")))=2,"2 grades below","3+ grades below")))) -> On/above grade | L23: Completed All | M23: Present | N23: Present
A24: =IFERROR(INDEX(Roster!$A$3:$A$148,MATCH(22,Roster!$D$3:$D$148,0)),"") -> S-046 | B24: =IFERROR(INDEX(Roster!$B$3:$B$148,MATCH(22,Roster!$D$3:$D$148,0)),"") -> 5 | C24: =IF(A24="","",IF(ROW()-3<$F$1,"Group A",IF(ROW()-3<2*$F$1,"Group B","Group C"))) -> Group A | D24: Completed | E24: 572 | F24: Grade 5 | G24: =IF(F24="","",IF(B24-IF(F24="Grade K",0,VALUE(SUBSTITUTE(F24,"Grade ","")))<=0,"On/above grade",IF(B24-IF(F24="Grade K",0,VALUE(SUBSTITUTE(F24,"Grade ","")))=1,"1 grade below",IF(B24-IF(F24="Grade K",0,VALUE(SUBSTITUTE(F24,"Grade ","")))=2,"2 grades below","3+ grades below")))) -> On/above grade | H24: Completed | I24: 516 | J24: Grade 4 | K24: =IF(J24="","",IF(B24-IF(J24="Grade K",0,VALUE(SUBSTITUTE(J24,"Grade ","")))<=0,"On/above grade",IF(B24-IF(J24="Grade K",0,VALUE(SUBSTITUTE(J24,"Grade ","")))=1,"1 grade below",IF(B24-IF(J24="Grade K",0,VALUE(SUBSTITUTE(J24,"Grade ","")))=2,"2 grades below","3+ grades below")))) -> 1 grade below | L24: Completed All | M24: Completed All | N24: Completed All
A25: =IFERROR(INDEX(Roster!$A$3:$A$148,MATCH(23,Roster!$D$3:$D$148,0)),"") -> S-047 | B25: =IFERROR(INDEX(Roster!$B$3:$B$148,MATCH(23,Roster!$D$3:$D$148,0)),"") -> 5 | C25: =IF(A25="","",IF(ROW()-3<$F$1,"Group A",IF(ROW()-3<2*$F$1,"Group B","Group C"))) -> Group A | D25: Completed | E25: 498 | F25: Grade 3 | G25: =IF(F25="","",IF(B25-IF(F25="Grade K",0,VALUE(SUBSTITUTE(F25,"Grade ","")))<=0,"On/above grade",IF(B25-IF(F25="Grade K",0,VALUE(SUBSTITUTE(F25,"Grade ","")))=1,"1 grade below",IF(B25-IF(F25="Grade K",0,VALUE(SUBSTITUTE(F25,"Grade ","")))=2,"2 grades below","3+ grades below")))) -> 2 grades below | H25: Completed | I25: 540 | J25: Grade 4 | K25: =IF(J25="","",IF(B25-IF(J25="Grade K",0,VALUE(SUBSTITUTE(J25,"Grade ","")))<=0,"On/above grade",IF(B25-IF(J25="Grade K",0,VALUE(SUBSTITUTE(J25,"Grade ","")))=1,"1 grade below",IF(B25-IF(J25="Grade K",0,VALUE(SUBSTITUTE(J25,"Grade ","")))=2,"2 grades below","3+ grades below")))) -> 1 grade below | L25: Present | M25: Present | N25: Present
A26: =IFERROR(INDEX(Roster!$A$3:$A$148,MATCH(24,Roster!$D$3:$D$148,0)),"") -> S-051 | B26: =IFERROR(INDEX(Roster!$B$3:$B$148,MATCH(24,Roster!$D$3:$D$148,0)),"") -> 5 | C26: =IF(A26="","",IF(ROW()-3<$F$1,"Group A",IF(ROW()-3<2*$F$1,"Group B","Group C"))) -> Group A | D26: Completed | E26: 473 | F26: Grade 3 | G26: =IF(F26="","",IF(B26-IF(F26="Grade K",0,VALUE(SUBSTITUTE(F26,"Grade ","")))<=0,"On/above grade",IF(B26-IF(F26="Grade K",0,VALUE(SUBSTITUTE(F26,"Grade ","")))=1,"1 grade below",IF(B26-IF(F26="Grade K",0,VALUE(SUBSTITUTE(F26,"Grade ","")))=2,"2 grades below","3+ grades below")))) -> 2 grades below | H26: Completed | I26: 487 | J26: Grade 3 | K26: =IF(J26="","",IF(B26-IF(J26="Grade K",0,VALUE(SUBSTITUTE(J26,"Grade ","")))<=0,"On/above grade",IF(B26-IF(J26="Grade K",0,VALUE(SUBSTITUTE(J26,"Grade ","")))=1,"1 grade below",IF(B26-IF(J26="Grade K",0,VALUE(SUBSTITUTE(J26,"Grade ","")))=2,"2 grades below","3+ grades below")))) -> 2 grades below | L26: Absent | M26: Present | N26: Present
A27: =IFERROR(INDEX(Roster!$A$3:$A$148,MATCH(25,Roster!$D$3:$D$148,0)),"") -> S-054 | B27: =IFERROR(INDEX(Roster!$B$3:$B$148,MATCH(25,Roster!$D$3:$D$148,0)),"") -> 5 | C27: =IF(A27="","",IF(ROW()-3<$F$1,"Group A",IF(ROW()-3<2*$F$1,"Group B","Group C"))) -> Group A | D27: Absent | G27: =IF(F27="","",IF(B27-IF(F27="Grade K",0,VALUE(SUBSTITUTE(F27,"Grade ","")))<=0,"On/above grade",IF(B27-IF(F27="Grade K",0,VALUE(SUBSTITUTE(F27,"Grade ","")))=1,"1 grade below",IF(B27-IF(F27="Grade K",0,VALUE(SUBSTITUTE(F27,"Grade ","")))=2,"2 grades below","3+ grades below")))) | H27: Completed | I27: 401 | J27: Grade 1 | K27: =IF(J27="","",IF(B27-IF(J27="Grade K",0,VALUE(SUBSTITUTE(J27,"Grade ","")))<=0,"On/above grade",IF(B27-IF(J27="Grade K",0,VALUE(SUBSTITUTE(J27,"Grade ","")))=1,"1 grade below",IF(B27-IF(J27="Grade K",0,VALUE(SUBSTITUTE(J27,"Grade ","")))=2,"2 grades below","3+ grades below")))) -> 3+ grades below | L27: Present | M27: Present | N27: Completed All
A28: =IFERROR(INDEX(Roster!$A$3:$A$148,MATCH(26,Roster!$D$3:$D$148,0)),"") -> S-055 | B28: =IFERROR(INDEX(Roster!$B$3:$B$148,MATCH(26,Roster!$D$3:$D$148,0)),"") -> 5 | C28: =IF(A28="","",IF(ROW()-3<$F$1,"Group A",IF(ROW()-3<2*$F$1,"Group B","Group C"))) -> Group B | D28: Completed | E28: 561 | F28: Grade 5 | G28: =IF(F28="","",IF(B28-IF(F28="Grade K",0,VALUE(SUBSTITUTE(F28,"Grade ","")))<=0,"On/above grade",IF(B28-IF(F28="Grade K",0,VALUE(SUBSTITUTE(F28,"Grade ","")))=1,"1 grade below",IF(B28-IF(F28="Grade K",0,VALUE(SUBSTITUTE(F28,"Grade ","")))=2,"2 grades below","3+ grades below")))) -> On/above grade | H28: Completed | I28: 477 | J28: Grade 3 | K28: =IF(J28="","",IF(B28-IF(J28="Grade K",0,VALUE(SUBSTITUTE(J28,"Grade ","")))<=0,"On/above grade",IF(B28-IF(J28="Grade K",0,VALUE(SUBSTITUTE(J28,"Grade ","")))=1,"1 grade below",IF(B28-IF(J28="Grade K",0,VALUE(SUBSTITUTE(J28,"Grade ","")))=2,"2 grades below","3+ grades below")))) -> 2 grades below | L28: Present | M28: Completed All | N28: Present
A29: =IFERROR(INDEX(Roster!$A$3:$A$148,MATCH(27,Roster!$D$3:$D$148,0)),"") -> S-056 | B29: =IFERROR(INDEX(Roster!$B$3:$B$148,MATCH(27,Roster!$D$3:$D$148,0)),"") -> 8 | C29: =IF(A29="","",IF(ROW()-3<$F$1,"Group A",IF(ROW()-3<2*$F$1,"Group B","Group C"))) -> Group B | D29: Completed | E29: 593 | F29: Grade 6 | G29: =IF(F29="","",IF(B29-IF(F29="Grade K",0,VALUE(SUBSTITUTE(F29,"Grade ","")))<=0,"On/above grade",IF(B29-IF(F29="Grade K",0,VALUE(SUBSTITUTE(F29,"Grade ","")))=1,"1 grade below",IF(B29-IF(F29="Grade K",0,VALUE(SUBSTITUTE(F29,"Grade ","")))=2,"2 grades below","3+ grades below")))) -> 2 grades below | H29: Completed | I29: 626 | J29: Grade 7 | K29: =IF(J29="","",IF(B29-IF(J29="Grade K",0,VALUE(SUBSTITUTE(J29,"Grade ","")))<=0,"On/above grade",IF(B29-IF(J29="Grade K",0,VALUE(SUBSTITUTE(J29,"Grade ","")))=1,"1 grade below",IF(B29-IF(J29="Grade K",0,VALUE(SUBSTITUTE(J29,"Grade ","")))=2,"2 grades below","3+ grades below")))) -> 1 grade below | L29: Present | M29: Completed All | N29: Present
A30: =IFERROR(INDEX(Roster!$A$3:$A$148,MATCH(28,Roster!$D$3:$D$148,0)),"") -> S-057 | B30: =IFERROR(INDEX(Roster!$B$3:$B$148,MATCH(28,Roster!$D$3:$D$148,0)),"") -> 8 | C30: =IF(A30="","",IF(ROW()-3<$F$1,"Group A",IF(ROW()-3<2*$F$1,"Group B","Group C"))) -> Group B | D30: Completed | E30: 642 | F30: Grade 8 | G30: =IF(F30="","",IF(B30-IF(F30="Grade K",0,VALUE(SUBSTITUTE(F30,"Grade ","")))<=0,"On/above grade",IF(B30-IF(F30="Grade K",0,VALUE(SUBSTITUTE(F30,"Grade ","")))=1,"1 grade below",IF(B30-IF(F30="Grade K",0,VALUE(SUBSTITUTE(F30,"Grade ","")))=2,"2 grades below","3+ grades below")))) -> On/above grade | H30: Completed | I30: 606 | J30: Grade 6 | K30: =IF(J30="","",IF(B30-IF(J30="Grade K",0,VALUE(SUBSTITUTE(J30,"Grade ","")))<=0,"On/above grade",IF(B30-IF(J30="Grade K",0,VALUE(SUBSTITUTE(J30,"Grade ","")))=1,"1 grade below",IF(B30-IF(J30="Grade K",0,VALUE(SUBSTITUTE(J30,"Grade ","")))=2,"2 grades below","3+ grades below")))) -> 2 grades below | L30: Present | M30: Present | N30: Present
A31: =IFERROR(INDEX(Roster!$A$3:$A$148,MATCH(29,Roster!$D$3:$D$148,0)),"") -> S-062 | B31: =IFERROR(INDEX(Roster!$B$3:$B$148,MATCH(29,Roster!$D$3:$D$148,0)),"") -> 8 | C31: =IF(A31="","",IF(ROW()-3<$F$1,"Group A",IF(ROW()-3<2*$F$1,"Group B","Group C"))) -> Group B | D31: Completed | E31: 658 | F31: Grade 8 | G31: =IF(F31="","",IF(B31-IF(F31="Grade K",0,VALUE(SUBSTITUTE(F31,"Grade ","")))<=0,"On/above grade",IF(B31-IF(F31="Grade K",0,VALUE(SUBSTITUTE(F31,"Grade ","")))=1,"1 grade below",IF(B31-IF(F31="Grade K",0,VALUE(SUBSTITUTE(F31,"Grade ","")))=2,"2 grades below","3+ grades below")))) -> On/above grade | H31: Absent | K31: =IF(J31="","",IF(B31-IF(J31="Grade K",0,VALUE(SUBSTITUTE(J31,"Grade ","")))<=0,"On/above grade",IF(B31-IF(J31="Grade K",0,VALUE(SUBSTITUTE(J31,"Grade ","")))=1,"1 grade below",IF(B31-IF(J31="Grade K",0,VALUE(SUBSTITUTE(J31,"Grade ","")))=2,"2 grades below","3+ grades below")))) | L31: Present | M31: Present | N31: Absent
A32: =IFERROR(INDEX(Roster!$A$3:$A$148,MATCH(30,Roster!$D$3:$D$148,0)),"") -> S-064 | B32: =IFERROR(INDEX(Roster!$B$3:$B$148,MATCH(30,Roster!$D$3:$D$148,0)),"") -> 8 | C32: =IF(A32="","",IF(ROW()-3<$F$1,"Group A",IF(ROW()-3<2*$F$1,"Group B","Group C"))) -> Group B | D32: Completed | E32: 590 | F32: Grade 6 | G32: =IF(F32="","",IF(B32-IF(F32="Grade K",0,VALUE(SUBSTITUTE(F32,"Grade ","")))<=0,"On/above grade",IF(B32-IF(F32="Grade K",0,VALUE(SUBSTITUTE(F32,"Grade ","")))=1,"1 grade below",IF(B32-IF(F32="Grade K",0,VALUE(SUBSTITUTE(F32,"Grade ","")))=2,"2 grades below","3+ grades below")))) -> 2 grades below | H32: Completed | I32: 627 | J32: Grade 7 | K32: =IF(J32="","",IF(B32-IF(J32="Grade K",0,VALUE(SUBSTITUTE(J32,"Grade ","")))<=0,"On/above grade",IF(B32-IF(J32="Grade K",0,VALUE(SUBSTITUTE(J32,"Grade ","")))=1,"1 grade below",IF(B32-IF(J32="Grade K",0,VALUE(SUBSTITUTE(J32,"Grade ","")))=2,"2 grades below","3+ grades below")))) -> 1 grade below | L32: Present | M32: Completed All | N32: Present
A33: =IFERROR(INDEX(Roster!$A$3:$A$148,MATCH(31,Roster!$D$3:$D$148,0)),"") -> S-065 | B33: =IFERROR(INDEX(Roster!$B$3:$B$148,MATCH(31,Roster!$D$3:$D$148,0)),"") -> 8 | C33: =IF(A33="","",IF(ROW()-3<$F$1,"Group A",IF(ROW()-3<2*$F$1,"Group B","Group C"))) -> Group B | D33: Completed | E33: 546 | F33: Grade 5 | G33: =IF(F33="","",IF(B33-IF(F33="Grade K",0,VALUE(SUBSTITUTE(F33,"Grade ","")))<=0,"On/above grade",IF(B33-IF(F33="Grade K",0,VALUE(SUBSTITUTE(F33,"Grade ","")))=1,"1 grade below",IF(B33-IF(F33="Grade K",0,VALUE(SUBSTITUTE(F33,"Grade ","")))=2,"2 grades below","3+ grades below")))) -> 3+ grades below | H33: Completed | I33: 628 | J33: Grade 7 | K33: =IF(J33="","",IF(B33-IF(J33="Grade K",0,VALUE(SUBSTITUTE(J33,"Grade ","")))<=0,"On/above grade",IF(B33-IF(J33="Grade K",0,VALUE(SUBSTITUTE(J33,"Grade ","")))=1,"1 grade below",IF(B33-IF(J33="Grade K",0,VALUE(SUBSTITUTE(J33,"Grade ","")))=2,"2 grades below","3+ grades below")))) -> 1 grade below | L33: Present | M33: Present | N33: Present
A34: =IFERROR(INDEX(Roster!$A$3:$A$148,MATCH(32,Roster!$D$3:$D$148,0)),"") -> S-066 | B34: =IFERROR(INDEX(Roster!$B$3:$B$148,MATCH(32,Roster!$D$3:$D$148,0)),"") -> 5 | C34: =IF(A34="","",IF(ROW()-3<$F$1,"Group A",IF(ROW()-3<2*$F$1,"Group B","Group C"))) -> Group B | D34: Completed | E34: 540 | F34: Grade 5 | G34: =IF(F34="","",IF(B34-IF(F34="Grade K",0,VALUE(SUBSTITUTE(F34,"Grade ","")))<=0,"On/above grade",IF(B34-IF(F34="Grade K",0,VALUE(SUBSTITUTE(F34,"Grade ","")))=1,"1 grade below",IF(B34-IF(F34="Grade K",0,VALUE(SUBSTITUTE(F34,"Grade ","")))=2,"2 grades below","3+ grades below")))) -> On/above grade | H34: Completed | I34: 505 | J34: Grade 3 | K34: =IF(J34="","",IF(B34-IF(J34="Grade K",0,VALUE(SUBSTITUTE(J34,"Grade ","")))<=0,"On/above grade",IF(B34-IF(J34="Grade K",0,VALUE(SUBSTITUTE(J34,"Grade ","")))=1,"1 grade below",IF(B34-IF(J34="Grade K",0,VALUE(SUBSTITUTE(J34,"Grade ","")))=2,"2 grades below","3+ grades below")))) -> 2 grades below | L34: Absent | M34: Present | N34: Present
A35: =IFERROR(INDEX(Roster!$A$3:$A$148,MATCH(33,Roster!$D$3:$D$148,0)),"") -> S-067 | B35: =IFERROR(INDEX(Roster!$B$3:$B$148,MATCH(33,Roster!$D$3:$D$148,0)),"") -> 8 | C35: =IF(A35="","",IF(ROW()-3<$F$1,"Group A",IF(ROW()-3<2*$F$1,"Group B","Group C"))) -> Group B | D35: Completed | E35: 621 | F35: Grade 7 | G35: =IF(F35="","",IF(B35-IF(F35="Grade K",0,VALUE(SUBSTITUTE(F35,"Grade ","")))<=0,"On/above grade",IF(B35-IF(F35="Grade K",0,VALUE(SUBSTITUTE(F35,"Grade ","")))=1,"1 grade below",IF(B35-IF(F35="Grade K",0,VALUE(SUBSTITUTE(F35,"Grade ","")))=2,"2 grades below","3+ grades below")))) -> 1 grade below | H35: Completed | I35: 650 | J35: Grade 8 | K35: =IF(J35="","",IF(B35-IF(J35="Grade K",0,VALUE(SUBSTITUTE(J35,"Grade ","")))<=0,"On/above grade",IF(B35-IF(J35="Grade K",0,VALUE(SUBSTITUTE(J35,"Grade ","")))=1,"1 grade below",IF(B35-IF(J35="Grade K",0,VALUE(SUBSTITUTE(J35,"Grade ","")))=2,"2 grades below","3+ grades below")))) -> On/above grade | L35: Completed All | M35: Present | N35: Completed All
A36: =IFERROR(INDEX(Roster!$A$3:$A$148,MATCH(34,Roster!$D$3:$D$148,0)),"") -> S-068 | B36: =IFERROR(INDEX(Roster!$B$3:$B$148,MATCH(34,Roster!$D$3:$D$148,0)),"") -> 5 | C36: =IF(A36="","",IF(ROW()-3<$F$1,"Group A",IF(ROW()-3<2*$F$1,"Group B","Group C"))) -> Group B | D36: Started | G36: =IF(F36="","",IF(B36-IF(F36="Grade K",0,VALUE(SUBSTITUTE(F36,"Grade ","")))<=0,"On/above grade",IF(B36-IF(F36="Grade K",0,VALUE(SUBSTITUTE(F36,"Grade ","")))=1,"1 grade below",IF(B36-IF(F36="Grade K",0,VALUE(SUBSTITUTE(F36,"Grade ","")))=2,"2 grades below","3+ grades below")))) | H36: Completed | I36: 476 | J36: Grade 3 | K36: =IF(J36="","",IF(B36-IF(J36="Grade K",0,VALUE(SUBSTITUTE(J36,"Grade ","")))<=0,"On/above grade",IF(B36-IF(J36="Grade K",0,VALUE(SUBSTITUTE(J36,"Grade ","")))=1,"1 grade below",IF(B36-IF(J36="Grade K",0,VALUE(SUBSTITUTE(J36,"Grade ","")))=2,"2 grades below","3+ grades below")))) -> 2 grades below | L36: Present | M36: Completed All | N36: Present
A37: =IFERROR(INDEX(Roster!$A$3:$A$148,MATCH(35,Roster!$D$3:$D$148,0)),"") -> S-070 | B37: =IFERROR(INDEX(Roster!$B$3:$B$148,MATCH(35,Roster!$D$3:$D$148,0)),"") -> 8 | C37: =IF(A37="","",IF(ROW()-3<$F$1,"Group A",IF(ROW()-3<2*$F$1,"Group B","Group C"))) -> Group B | D37: Completed | E37: 605 | F37: Grade 7 | G37: =IF(F37="","",IF(B37-IF(F37="Grade K",0,VALUE(SUBSTITUTE(F37,"Grade ","")))<=0,"On/above grade",IF(B37-IF(F37="Grade K",0,VALUE(SUBSTITUTE(F37,"Grade ","")))=1,"1 grade below",IF(B37-IF(F37="Grade K",0,VALUE(SUBSTITUTE(F37,"Grade ","")))=2,"2 grades below","3+ grades below")))) -> 1 grade below | H37: Started | K37: =IF(J37="","",IF(B37-IF(J37="Grade K",0,VALUE(SUBSTITUTE(J37,"Grade ","")))<=0,"On/above grade",IF(B37-IF(J37="Grade K",0,VALUE(SUBSTITUTE(J37,"Grade ","")))=1,"1 grade below",IF(B37-IF(J37="Grade K",0,VALUE(SUBSTITUTE(J37,"Grade ","")))=2,"2 grades below","3+ grades below")))) | L37: Absent | M37: Absent | N37: Present
A38: =IFERROR(INDEX(Roster!$A$3:$A$148,MATCH(36,Roster!$D$3:$D$148,0)),"") -> S-071 | B38: =IFERROR(INDEX(Roster!$B$3:$B$148,MATCH(36,Roster!$D$3:$D$148,0)),"") -> 5 | C38: =IF(A38="","",IF(ROW()-3<$F$1,"Group A",IF(ROW()-3<2*$F$1,"Group B","Group C"))) -> Group B | D38: Completed | E38: 414 | F38: Grade 1 | G38: =IF(F38="","",IF(B38-IF(F38="Grade K",0,VALUE(SUBSTITUTE(F38,"Grade ","")))<=0,"On/above grade",IF(B38-IF(F38="Grade K",0,VALUE(SUBSTITUTE(F38,"Grade ","")))=1,"1 grade below",IF(B38-IF(F38="Grade K",0,VALUE(SUBSTITUTE(F38,"Grade ","")))=2,"2 grades below","3+ grades below")))) -> 3+ grades below | H38: Completed | I38: 501 | J38: Grade 3 | K38: =IF(J38="","",IF(B38-IF(J38="Grade K",0,VALUE(SUBSTITUTE(J38,"Grade ","")))<=0,"On/above grade",IF(B38-IF(J38="Grade K",0,VALUE(SUBSTITUTE(J38,"Grade ","")))=1,"1 grade below",IF(B38-IF(J38="Grade K",0,VALUE(SUBSTITUTE(J38,"Grade ","")))=2,"2 grades below","3+ grades below")))) -> 2 grades below | L38: Present | M38: Present | N38: Present
A39: =IFERROR(INDEX(Roster!$A$3:$A$148,MATCH(37,Roster!$D$3:$D$148,0)),"") -> S-072 | B39: =IFERROR(INDEX(Roster!$B$3:$B$148,MATCH(37,Roster!$D$3:$D$148,0)),"") -> 5 | C39: =IF(A39="","",IF(ROW()-3<$F$1,"Group A",IF(ROW()-3<2*$F$1,"Group B","Group C"))) -> Group B | D39: Completed | E39: 542 | F39: Grade 5 | G39: =IF(F39="","",IF(B39-IF(F39="Grade K",0,VALUE(SUBSTITUTE(F39,"Grade ","")))<=0,"On/above grade",IF(B39-IF(F39="Grade K",0,VALUE(SUBSTITUTE(F39,"Grade ","")))=1,"1 grade below",IF(B39-IF(F39="Grade K",0,VALUE(SUBSTITUTE(F39,"Grade ","")))=2,"2 grades below","3+ grades below")))) -> On/above grade | H39: Completed | I39: 396 | J39: Grade 1 | K39: =IF(J39="","",IF(B39-IF(J39="Grade K",0,VALUE(SUBSTITUTE(J39,"Grade ","")))<=0,"On/above grade",IF(B39-IF(J39="Grade K",0,VALUE(SUBSTITUTE(J39,"Grade ","")))=1,"1 grade below",IF(B39-IF(J39="Grade K",0,VALUE(SUBSTITUTE(J39,"Grade ","")))=2,"2 grades below","3+ grades below")))) -> 3+ grades below | L39: Present | M39: Present | N39: Present
A40: =IFERROR(INDEX(Roster!$A$3:$A$148,MATCH(38,Roster!$D$3:$D$148,0)),"") -> S-074 | B40: =IFERROR(INDEX(Roster!$B$3:$B$148,MATCH(38,Roster!$D$3:$D$148,0)),"") -> 5 | C40: =IF(A40="","",IF(ROW()-3<$F$1,"Group A",IF(ROW()-3<2*$F$1,"Group B","Group C"))) -> Group B | D40: Completed | E40: 512 | F40: Grade 4 | G40: =IF(F40="","",IF(B40-IF(F40="Grade K",0,VALUE(SUBSTITUTE(F40,"Grade ","")))<=0,"On/above grade",IF(B40-IF(F40="Grade K",0,VALUE(SUBSTITUTE(F40,"Grade ","")))=1,"1 grade below",IF(B40-IF(F40="Grade K",0,VALUE(SUBSTITUTE(F40,"Grade ","")))=2,"2 grades below","3+ grades below")))) -> 1 grade below | H40: Completed | I40: 551 | J40: Grade 5 | K40: =IF(J40="","",IF(B40-IF(J40="Grade K",0,VALUE(SUBSTITUTE(J40,"Grade ","")))<=0,"On/above grade",IF(B40-IF(J40="Grade K",0,VALUE(SUBSTITUTE(J40,"Grade ","")))=1,"1 grade below",IF(B40-IF(J40="Grade K",0,VALUE(SUBSTITUTE(J40,"Grade ","")))=2,"2 grades below","3+ grades below")))) -> On/above grade | L40: Present | M40: Absent | N40: Present
A41: =IFERROR(INDEX(Roster!$A$3:$A$148,MATCH(39,Roster!$D$3:$D$148,0)),"") -> S-075 | B41: =IFERROR(INDEX(Roster!$B$3:$B$148,MATCH(39,Roster!$D$3:$D$148,0)),"") -> 8 | C41: =IF(A41="","",IF(ROW()-3<$F$1,"Group A",IF(ROW()-3<2*$F$1,"Group B","Group C"))) -> Group B | D41: Completed | E41: 536 | F41: Grade 4 | G41: =IF(F41="","",IF(B41-IF(F41="Grade K",0,VALUE(SUBSTITUTE(F41,"Grade ","")))<=0,"On/above grade",IF(B41-IF(F41="Grade K",0,VALUE(SUBSTITUTE(F41,"Grade ","")))=1,"1 grade below",IF(B41-IF(F41="Grade K",0,VALUE(SUBSTITUTE(F41,"Grade ","")))=2,"2 grades below","3+ grades below")))) -> 3+ grades below | H41: Completed | I41: 668 | J41: Grade 8 | K41: =IF(J41="","",IF(B41-IF(J41="Grade K",0,VALUE(SUBSTITUTE(J41,"Grade ","")))<=0,"On/above grade",IF(B41-IF(J41="Grade K",0,VALUE(SUBSTITUTE(J41,"Grade ","")))=1,"1 grade below",IF(B41-IF(J41="Grade K",0,VALUE(SUBSTITUTE(J41,"Grade ","")))=2,"2 grades below","3+ grades below")))) -> On/above grade | L41: Completed All | M41: Present | N41: Present
A42: =IFERROR(INDEX(Roster!$A$3:$A$148,MATCH(40,Roster!$D$3:$D$148,0)),"") -> S-076 | B42: =IFERROR(INDEX(Roster!$B$3:$B$148,MATCH(40,Roster!$D$3:$D$148,0)),"") -> 5 | C42: =IF(A42="","",IF(ROW()-3<$F$1,"Group A",IF(ROW()-3<2*$F$1,"Group B","Group C"))) -> Group B | D42: Completed | E42: 545 | F42: Grade 5 | G42: =IF(F42="","",IF(B42-IF(F42="Grade K",0,VALUE(SUBSTITUTE(F42,"Grade ","")))<=0,"On/above grade",IF(B42-IF(F42="Grade K",0,VALUE(SUBSTITUTE(F42,"Grade ","")))=1,"1 grade below",IF(B42-IF(F42="Grade K",0,VALUE(SUBSTITUTE(F42,"Grade ","")))=2,"2 grades below","3+ grades below")))) -> On/above grade | H42: Completed | I42: 426 | J42: Grade 1 | K42: =IF(J42="","",IF(B42-IF(J42="Grade K",0,VALUE(SUBSTITUTE(J42,"Grade ","")))<=0,"On/above grade",IF(B42-IF(J42="Grade K",0,VALUE(SUBSTITUTE(J42,"Grade ","")))=1,"1 grade below",IF(B42-IF(J42="Grade K",0,VALUE(SUBSTITUTE(J42,"Grade ","")))=2,"2 grades below","3+ grades below")))) -> 3+ grades below | L42: Present | M42: Present | N42: Present
A43: =IFERROR(INDEX(Roster!$A$3:$A$148,MATCH(41,Roster!$D$3:$D$148,0)),"") -> S-077 | B43: =IFERROR(INDEX(Roster!$B$3:$B$148,MATCH(41,Roster!$D$3:$D$148,0)),"") -> 8 | C43: =IF(A43="","",IF(ROW()-3<$F$1,"Group A",IF(ROW()-3<2*$F$1,"Group B","Group C"))) -> Group B | D43: Completed | E43: 665 | F43: Grade 8 | G43: =IF(F43="","",IF(B43-IF(F43="Grade K",0,VALUE(SUBSTITUTE(F43,"Grade ","")))<=0,"On/above grade",IF(B43-IF(F43="Grade K",0,VALUE(SUBSTITUTE(F43,"Grade ","")))=1,"1 grade below",IF(B43-IF(F43="Grade K",0,VALUE(SUBSTITUTE(F43,"Grade ","")))=2,"2 grades below","3+ grades below")))) -> On/above grade | H43: Completed | I43: 623 | J43: Grade 7 | K43: =IF(J43="","",IF(B43-IF(J43="Grade K",0,VALUE(SUBSTITUTE(J43,"Grade ","")))<=0,"On/above grade",IF(B43-IF(J43="Grade K",0,VALUE(SUBSTITUTE(J43,"Grade ","")))=1,"1 grade below",IF(B43-IF(J43="Grade K",0,VALUE(SUBSTITUTE(J43,"Grade ","")))=2,"2 grades below","3+ grades below")))) -> 1 grade below | L43: Present | M43: Present | N43: Absent
A44: =IFERROR(INDEX(Roster!$A$3:$A$148,MATCH(42,Roster!$D$3:$D$148,0)),"") -> S-079 | B44: =IFERROR(INDEX(Roster!$B$3:$B$148,MATCH(42,Roster!$D$3:$D$148,0)),"") -> 5 | C44: =IF(A44="","",IF(ROW()-3<$F$1,"Group A",IF(ROW()-3<2*$F$1,"Group B","Group C"))) -> Group B | D44: Completed | E44: 466 | F44: Grade 3 | G44: =IF(F44="","",IF(B44-IF(F44="Grade K",0,VALUE(SUBSTITUTE(F44,"Grade ","")))<=0,"On/above grade",IF(B44-IF(F44="Grade K",0,VALUE(SUBSTITUTE(F44,"Grade ","")))=1,"1 grade below",IF(B44-IF(F44="Grade K",0,VALUE(SUBSTITUTE(F44,"Grade ","")))=2,"2 grades below","3+ grades below")))) -> 2 grades below | H44: Completed | I44: 537 | J44: Grade 5 | K44: =IF(J44="","",IF(B44-IF(J44="Grade K",0,VALUE(SUBSTITUTE(J44,"Grade ","")))<=0,"On/above grade",IF(B44-IF(J44="Grade K",0,VALUE(SUBSTITUTE(J44,"Grade ","")))=1,"1 grade below",IF(B44-IF(J44="Grade K",0,VALUE(SUBSTITUTE(J44,"Grade ","")))=2,"2 grades below","3+ grades below")))) -> On/above grade | L44: Completed All | M44: Present | N44: Completed All
A45: =IFERROR(INDEX(Roster!$A$3:$A$148,MATCH(43,Roster!$D$3:$D$148,0)),"") -> S-081 | B45: =IFERROR(INDEX(Roster!$B$3:$B$148,MATCH(43,Roster!$D$3:$D$148,0)),"") -> 5 | C45: =IF(A45="","",IF(ROW()-3<$F$1,"Group A",IF(ROW()-3<2*$F$1,"Group B","Group C"))) -> Group B | D45: Completed | E45: 525 | F45: Grade 4 | G45: =IF(F45="","",IF(B45-IF(F45="Grade K",0,VALUE(SUBSTITUTE(F45,"Grade ","")))<=0,"On/above grade",IF(B45-IF(F45="Grade K",0,VALUE(SUBSTITUTE(F45,"Grade ","")))=1,"1 grade below",IF(B45-IF(F45="Grade K",0,VALUE(SUBSTITUTE(F45,"Grade ","")))=2,"2 grades below","3+ grades below")))) -> 1 grade below | H45: Completed | I45: 415 | J45: Grade 1 | K45: =IF(J45="","",IF(B45-IF(J45="Grade K",0,VALUE(SUBSTITUTE(J45,"Grade ","")))<=0,"On/above grade",IF(B45-IF(J45="Grade K",0,VALUE(SUBSTITUTE(J45,"Grade ","")))=1,"1 grade below",IF(B45-IF(J45="Grade K",0,VALUE(SUBSTITUTE(J45,"Grade ","")))=2,"2 grades below","3+ grades below")))) -> 3+ grades below | L45: Present | M45: Absent | N45: Present
A46: =IFERROR(INDEX(Roster!$A$3:$A$148,MATCH(44,Roster!$D$3:$D$148,0)),"") -> S-084 | B46: =IFERROR(INDEX(Roster!$B$3:$B$148,MATCH(44,Roster!$D$3:$D$148,0)),"") -> 8 | C46: =IF(A46="","",IF(ROW()-3<$F$1,"Group A",IF(ROW()-3<2*$F$1,"Group B","Group C"))) -> Group B | D46: Completed | E46: 515 | F46: Grade 4 | G46: =IF(F46="","",IF(B46-IF(F46="Grade K",0,VALUE(SUBSTITUTE(F46,"Grade ","")))<=0,"On/above grade",IF(B46-IF(F46="Grade K",0,VALUE(SUBSTITUTE(F46,"Grade ","")))=1,"1 grade below",IF(B46-IF(F46="Grade K",0,VALUE(SUBSTITUTE(F46,"Grade ","")))=2,"2 grades below","3+ grades below")))) -> 3+ grades below | H46: Completed | I46: 669 | J46: Grade 8 | K46: =IF(J46="","",IF(B46-IF(J46="Grade K",0,VALUE(SUBSTITUTE(J46,"Grade ","")))<=0,"On/above grade",IF(B46-IF(J46="Grade K",0,VALUE(SUBSTITUTE(J46,"Grade ","")))=1,"1 grade below",IF(B46-IF(J46="Grade K",0,VALUE(SUBSTITUTE(J46,"Grade ","")))=2,"2 grades below","3+ grades below")))) -> On/above grade | L46: Present | M46: Absent | N46: Present
A47: =IFERROR(INDEX(Roster!$A$3:$A$148,MATCH(45,Roster!$D$3:$D$148,0)),"") -> S-085 | B47: =IFERROR(INDEX(Roster!$B$3:$B$148,MATCH(45,Roster!$D$3:$D$148,0)),"") -> 8 | C47: =IF(A47="","",IF(ROW()-3<$F$1,"Group A",IF(ROW()-3<2*$F$1,"Group B","Group C"))) -> Group B | D47: Completed | E47: 666 | F47: Grade 8 | G47: =IF(F47="","",IF(B47-IF(F47="Grade K",0,VALUE(SUBSTITUTE(F47,"Grade ","")))<=0,"On/above grade",IF(B47-IF(F47="Grade K",0,VALUE(SUBSTITUTE(F47,"Grade ","")))=1,"1 grade below",IF(B47-IF(F47="Grade K",0,VALUE(SUBSTITUTE(F47,"Grade ","")))=2,"2 grades below","3+ grades below")))) -> On/above grade | H47: Completed | I47: 643 | J47: Grade 8 | K47: =IF(J47="","",IF(B47-IF(J47="Grade K",0,VALUE(SUBSTITUTE(J47,"Grade ","")))<=0,"On/above grade",IF(B47-IF(J47="Grade K",0,VALUE(SUBSTITUTE(J47,"Grade ","")))=1,"1 grade below",IF(B47-IF(J47="Grade K",0,VALUE(SUBSTITUTE(J47,"Grade ","")))=2,"2 grades below","3+ grades below")))) -> On/above grade | L47: Present | M47: Present | N47: Present
A48: =IFERROR(INDEX(Roster!$A$3:$A$148,MATCH(46,Roster!$D$3:$D$148,0)),"") -> S-086 | B48: =IFERROR(INDEX(Roster!$B$3:$B$148,MATCH(46,Roster!$D$3:$D$148,0)),"") -> 5 | C48: =IF(A48="","",IF(ROW()-3<$F$1,"Group A",IF(ROW()-3<2*$F$1,"Group B","Group C"))) -> Group B | D48: Completed | E48: 538 | F48: Grade 4 | G48: =IF(F48="","",IF(B48-IF(F48="Grade K",0,VALUE(SUBSTITUTE(F48,"Grade ","")))<=0,"On/above grade",IF(B48-IF(F48="Grade K",0,VALUE(SUBSTITUTE(F48,"Grade ","")))=1,"1 grade below",IF(B48-IF(F48="Grade K",0,VALUE(SUBSTITUTE(F48,"Grade ","")))=2,"2 grades below","3+ grades below")))) -> 1 grade below | H48: Completed | I48: 491 | J48: Grade 3 | K48: =IF(J48="","",IF(B48-IF(J48="Grade K",0,VALUE(SUBSTITUTE(J48,"Grade ","")))<=0,"On/above grade",IF(B48-IF(J48="Grade K",0,VALUE(SUBSTITUTE(J48,"Grade ","")))=1,"1 grade below",IF(B48-IF(J48="Grade K",0,VALUE(SUBSTITUTE(J48,"Grade ","")))=2,"2 grades below","3+ grades below")))) -> 2 grades below | L48: Present | M48: Completed All | N48: Completed All
A49: =IFERROR(INDEX(Roster!$A$3:$A$148,MATCH(47,Roster!$D$3:$D$148,0)),"") -> S-090 | B49: =IFERROR(INDEX(Roster!$B$3:$B$148,MATCH(47,Roster!$D$3:$D$148,0)),"") -> 5 | C49: =IF(A49="","",IF(ROW()-3<$F$1,"Group A",IF(ROW()-3<2*$F$1,"Group B","Group C"))) -> Group B | D49: Completed | E49: 543 | F49: Grade 5 | G49: =IF(F49="","",IF(B49-IF(F49="Grade K",0,VALUE(SUBSTITUTE(F49,"Grade ","")))<=0,"On/above grade",IF(B49-IF(F49="Grade K",0,VALUE(SUBSTITUTE(F49,"Grade ","")))=1,"1 grade below",IF(B49-IF(F49="Grade K",0,VALUE(SUBSTITUTE(F49,"Grade ","")))=2,"2 grades below","3+ grades below")))) -> On/above grade | H49: Completed | I49: 554 | J49: Grade 5 | K49: =IF(J49="","",IF(B49-IF(J49="Grade K",0,VALUE(SUBSTITUTE(J49,"Grade ","")))<=0,"On/above grade",IF(B49-IF(J49="Grade K",0,VALUE(SUBSTITUTE(J49,"Grade ","")))=1,"1 grade below",IF(B49-IF(J49="Grade K",0,VALUE(SUBSTITUTE(J49,"Grade ","")))=2,"2 grades below","3+ grades below")))) -> On/above grade | L49: Completed All | M49: Completed All | N49: Present
A50: =IFERROR(INDEX(Roster!$A$3:$A$148,MATCH(48,Roster!$D$3:$D$148,0)),"") -> S-093 | B50: =IFERROR(INDEX(Roster!$B$3:$B$148,MATCH(48,Roster!$D$3:$D$148,0)),"") -> 5 | C50: =IF(A50="","",IF(ROW()-3<$F$1,"Group A",IF(ROW()-3<2*$F$1,"Group B","Group C"))) -> Group B | D50: Completed | E50: 501 | F50: Grade 3 | G50: =IF(F50="","",IF(B50-IF(F50="Grade K",0,VALUE(SUBSTITUTE(F50,"Grade ","")))<=0,"On/above grade",IF(B50-IF(F50="Grade K",0,VALUE(SUBSTITUTE(F50,"Grade ","")))=1,"1 grade below",IF(B50-IF(F50="Grade K",0,VALUE(SUBSTITUTE(F50,"Grade ","")))=2,"2 grades below","3+ grades below")))) -> 2 grades below | H50: Completed | I50: 552 | J50: Grade 5 | K50: =IF(J50="","",IF(B50-IF(J50="Grade K",0,VALUE(SUBSTITUTE(J50,"Grade ","")))<=0,"On/above grade",IF(B50-IF(J50="Grade K",0,VALUE(SUBSTITUTE(J50,"Grade ","")))=1,"1 grade below",IF(B50-IF(J50="Grade K",0,VALUE(SUBSTITUTE(J50,"Grade ","")))=2,"2 grades below","3+ grades below")))) -> On/above grade | L50: Completed All | M50: Present | N50: Present
A51: =IFERROR(INDEX(Roster!$A$3:$A$148,MATCH(49,Roster!$D$3:$D$148,0)),"") -> S-096 | B51: =IFERROR(INDEX(Roster!$B$3:$B$148,MATCH(49,Roster!$D$3:$D$148,0)),"") -> 8 | C51: =IF(A51="","",IF(ROW()-3<$F$1,"Group A",IF(ROW()-3<2*$F$1,"Group B","Group C"))) -> Group B | D51: Absent | G51: =IF(F51="","",IF(B51-IF(F51="Grade K",0,VALUE(SUBSTITUTE(F51,"Grade ","")))<=0,"On/above grade",IF(B51-IF(F51="Grade K",0,VALUE(SUBSTITUTE(F51,"Grade ","")))=1,"1 grade below",IF(B51-IF(F51="Grade K",0,VALUE(SUBSTITUTE(F51,"Grade ","")))=2,"2 grades below","3+ grades below")))) | H51: Absent | K51: =IF(J51="","",IF(B51-IF(J51="Grade K",0,VALUE(SUBSTITUTE(J51,"Grade ","")))<=0,"On/above grade",IF(B51-IF(J51="Grade K",0,VALUE(SUBSTITUTE(J51,"Grade ","")))=1,"1 grade below",IF(B51-IF(J51="Grade K",0,VALUE(SUBSTITUTE(J51,"Grade ","")))=2,"2 grades below","3+ grades below")))) | L51: Completed All | M51: Present | N51: Present
A52: =IFERROR(INDEX(Roster!$A$3:$A$148,MATCH(50,Roster!$D$3:$D$148,0)),"") -> S-097 | B52: =IFERROR(INDEX(Roster!$B$3:$B$148,MATCH(50,Roster!$D$3:$D$148,0)),"") -> 8 | C52: =IF(A52="","",IF(ROW()-3<$F$1,"Group A",IF(ROW()-3<2*$F$1,"Group B","Group C"))) -> Group B | D52: Completed | E52: 644 | F52: Grade 7 | G52: =IF(F52="","",IF(B52-IF(F52="Grade K",0,VALUE(SUBSTITUTE(F52,"Grade ","")))<=0,"On/above grade",IF(B52-IF(F52="Grade K",0,VALUE(SUBSTITUTE(F52,"Grade ","")))=1,"1 grade below",IF(B52-IF(F52="Grade K",0,VALUE(SUBSTITUTE(F52,"Grade ","")))=2,"2 grades below","3+ grades below")))) -> 1 grade below | H52: Completed | I52: 657 | J52: Grade 8 | K52: =IF(J52="","",IF(B52-IF(J52="Grade K",0,VALUE(SUBSTITUTE(J52,"Grade ","")))<=0,"On/above grade",IF(B52-IF(J52="Grade K",0,VALUE(SUBSTITUTE(J52,"Grade ","")))=1,"1 grade below",IF(B52-IF(J52="Grade K",0,VALUE(SUBSTITUTE(J52,"Grade ","")))=2,"2 grades below","3+ grades below")))) -> On/above grade | L52: Present | M52: Present | N52: Completed All
A53: =IFERROR(INDEX(Roster!$A$3:$A$148,MATCH(51,Roster!$D$3:$D$148,0)),"") -> S-098 | B53: =IFERROR(INDEX(Roster!$B$3:$B$148,MATCH(51,Roster!$D$3:$D$148,0)),"") -> 5 | C53: =IF(A53="","",IF(ROW()-3<$F$1,"Group A",IF(ROW()-3<2*$F$1,"Group B","Group C"))) -> Group C | D53: Completed | E53: 488 | F53: Grade 3 | G53: =IF(F53="","",IF(B53-IF(F53="Grade K",0,VALUE(SUBSTITUTE(F53,"Grade ","")))<=0,"On/above grade",IF(B53-IF(F53="Grade K",0,VALUE(SUBSTITUTE(F53,"Grade ","")))=1,"1 grade below",IF(B53-IF(F53="Grade K",0,VALUE(SUBSTITUTE(F53,"Grade ","")))=2,"2 grades below","3+ grades below")))) -> 2 grades below | H53: Completed | I53: 521 | J53: Grade 4 | K53: =IF(J53="","",IF(B53-IF(J53="Grade K",0,VALUE(SUBSTITUTE(J53,"Grade ","")))<=0,"On/above grade",IF(B53-IF(J53="Grade K",0,VALUE(SUBSTITUTE(J53,"Grade ","")))=1,"1 grade below",IF(B53-IF(J53="Grade K",0,VALUE(SUBSTITUTE(J53,"Grade ","")))=2,"2 grades below","3+ grades below")))) -> 1 grade below | L53: Present | M53: Completed All | N53: Completed All
A54: =IFERROR(INDEX(Roster!$A$3:$A$148,MATCH(52,Roster!$D$3:$D$148,0)),"") -> S-100 | B54: =IFERROR(INDEX(Roster!$B$3:$B$148,MATCH(52,Roster!$D$3:$D$148,0)),"") -> 8 | C54: =IF(A54="","",IF(ROW()-3<$F$1,"Group A",IF(ROW()-3<2*$F$1,"Group B","Group C"))) -> Group C | D54: Completed | E54: 679 | F54: Grade 8 | G54: =IF(F54="","",IF(B54-IF(F54="Grade K",0,VALUE(SUBSTITUTE(F54,"Grade ","")))<=0,"On/above grade",IF(B54-IF(F54="Grade K",0,VALUE(SUBSTITUTE(F54,"Grade ","")))=1,"1 grade below",IF(B54-IF(F54="Grade K",0,VALUE(SUBSTITUTE(F54,"Grade ","")))=2,"2 grades below","3+ grades below")))) -> On/above grade | H54: Completed | I54: 598 | J54: Grade 6 | K54: =IF(J54="","",IF(B54-IF(J54="Grade K",0,VALUE(SUBSTITUTE(J54,"Grade ","")))<=0,"On/above grade",IF(B54-IF(J54="Grade K",0,VALUE(SUBSTITUTE(J54,"Grade ","")))=1,"1 grade below",IF(B54-IF(J54="Grade K",0,VALUE(SUBSTITUTE(J54,"Grade ","")))=2,"2 grades below","3+ grades below")))) -> 2 grades below | L54: Present | M54: Present | N54: Completed All
A55: =IFERROR(INDEX(Roster!$A$3:$A$148,MATCH(53,Roster!$D$3:$D$148,0)),"") -> S-103 | B55: =IFERROR(INDEX(Roster!$B$3:$B$148,MATCH(53,Roster!$D$3:$D$148,0)),"") -> 5 | C55: =IF(A55="","",IF(ROW()-3<$F$1,"Group A",IF(ROW()-3<2*$F$1,"Group B","Group C"))) -> Group C | D55: Completed | E55: 503 | F55: Grade 3 | G55: =IF(F55="","",IF(B55-IF(F55="Grade K",0,VALUE(SUBSTITUTE(F55,"Grade ","")))<=0,"On/above grade",IF(B55-IF(F55="Grade K",0,VALUE(SUBSTITUTE(F55,"Grade ","")))=1,"1 grade below",IF(B55-IF(F55="Grade K",0,VALUE(SUBSTITUTE(F55,"Grade ","")))=2,"2 grades below","3+ grades below")))) -> 2 grades below | H55: Completed | I55: 511 | J55: Grade 4 | K55: =IF(J55="","",IF(B55-IF(J55="Grade K",0,VALUE(SUBSTITUTE(J55,"Grade ","")))<=0,"On/above grade",IF(B55-IF(J55="Grade K",0,VALUE(SUBSTITUTE(J55,"Grade ","")))=1,"1 grade below",IF(B55-IF(J55="Grade K",0,VALUE(SUBSTITUTE(J55,"Grade ","")))=2,"2 grades below","3+ grades below")))) -> 1 grade below | L55: Present | M55: Present | N55: Present
A56: =IFERROR(INDEX(Roster!$A$3:$A$148,MATCH(54,Roster!$D$3:$D$148,0)),"") -> S-104 | B56: =IFERROR(INDEX(Roster!$B$3:$B$148,MATCH(54,Roster!$D$3:$D$148,0)),"") -> 8 | C56: =IF(A56="","",IF(ROW()-3<$F$1,"Group A",IF(ROW()-3<2*$F$1,"Group B","Group C"))) -> Group C | D56: Started | G56: =IF(F56="","",IF(B56-IF(F56="Grade K",0,VALUE(SUBSTITUTE(F56,"Grade ","")))<=0,"On/above grade",IF(B56-IF(F56="Grade K",0,VALUE(SUBSTITUTE(F56,"Grade ","")))=1,"1 grade below",IF(B56-IF(F56="Grade K",0,VALUE(SUBSTITUTE(F56,"Grade ","")))=2,"2 grades below","3+ grades below")))) | H56: Completed | I56: 676 | J56: Grade 8 | K56: =IF(J56="","",IF(B56-IF(J56="Grade K",0,VALUE(SUBSTITUTE(J56,"Grade ","")))<=0,"On/above grade",IF(B56-IF(J56="Grade K",0,VALUE(SUBSTITUTE(J56,"Grade ","")))=1,"1 grade below",IF(B56-IF(J56="Grade K",0,VALUE(SUBSTITUTE(J56,"Grade ","")))=2,"2 grades below","3+ grades below")))) -> On/above grade | L56: Present | M56: Completed All | N56: Present
A57: =IFERROR(INDEX(Roster!$A$3:$A$148,MATCH(55,Roster!$D$3:$D$148,0)),"") -> S-105 | B57: =IFERROR(INDEX(Roster!$B$3:$B$148,MATCH(55,Roster!$D$3:$D$148,0)),"") -> 5 | C57: =IF(A57="","",IF(ROW()-3<$F$1,"Group A",IF(ROW()-3<2*$F$1,"Group B","Group C"))) -> Group C | D57: Completed | E57: 554 | F57: Grade 5 | G57: =IF(F57="","",IF(B57-IF(F57="Grade K",0,VALUE(SUBSTITUTE(F57,"Grade ","")))<=0,"On/above grade",IF(B57-IF(F57="Grade K",0,VALUE(SUBSTITUTE(F57,"Grade ","")))=1,"1 grade below",IF(B57-IF(F57="Grade K",0,VALUE(SUBSTITUTE(F57,"Grade ","")))=2,"2 grades below","3+ grades below")))) -> On/above grade | H57: Completed | I57: 470 | J57: Grade 3 | K57: =IF(J57="","",IF(B57-IF(J57="Grade K",0,VALUE(SUBSTITUTE(J57,"Grade ","")))<=0,"On/above grade",IF(B57-IF(J57="Grade K",0,VALUE(SUBSTITUTE(J57,"Grade ","")))=1,"1 grade below",IF(B57-IF(J57="Grade K",0,VALUE(SUBSTITUTE(J57,"Grade ","")))=2,"2 grades below","3+ grades below")))) -> 2 grades below | L57: Completed All | M57: Present | N57: Completed All
A58: =IFERROR(INDEX(Roster!$A$3:$A$148,MATCH(56,Roster!$D$3:$D$148,0)),"") -> S-107 | B58: =IFERROR(INDEX(Roster!$B$3:$B$148,MATCH(56,Roster!$D$3:$D$148,0)),"") -> 5 | C58: =IF(A58="","",IF(ROW()-3<$F$1,"Group A",IF(ROW()-3<2*$F$1,"Group B","Group C"))) -> Group C | D58: Completed | E58: 444 | F58: Grade 2 | G58: =IF(F58="","",IF(B58-IF(F58="Grade K",0,VALUE(SUBSTITUTE(F58,"Grade ","")))<=0,"On/above grade",IF(B58-IF(F58="Grade K",0,VALUE(SUBSTITUTE(F58,"Grade ","")))=1,"1 grade below",IF(B58-IF(F58="Grade K",0,VALUE(SUBSTITUTE(F58,"Grade ","")))=2,"2 grades below","3+ grades below")))) -> 3+ grades below | H58: Completed | I58: 488 | J58: Grade 3 | K58: =IF(J58="","",IF(B58-IF(J58="Grade K",0,VALUE(SUBSTITUTE(J58,"Grade ","")))<=0,"On/above grade",IF(B58-IF(J58="Grade K",0,VALUE(SUBSTITUTE(J58,"Grade ","")))=1,"1 grade below",IF(B58-IF(J58="Grade K",0,VALUE(SUBSTITUTE(J58,"Grade ","")))=2,"2 grades below","3+ grades below")))) -> 2 grades below | L58: Absent | M58: Present | N58: Present
A59: =IFERROR(INDEX(Roster!$A$3:$A$148,MATCH(57,Roster!$D$3:$D$148,0)),"") -> S-108 | B59: =IFERROR(INDEX(Roster!$B$3:$B$148,MATCH(57,Roster!$D$3:$D$148,0)),"") -> 5 | C59: =IF(A59="","",IF(ROW()-3<$F$1,"Group A",IF(ROW()-3<2*$F$1,"Group B","Group C"))) -> Group C | D59: Completed | E59: 447 | F59: Grade 2 | G59: =IF(F59="","",IF(B59-IF(F59="Grade K",0,VALUE(SUBSTITUTE(F59,"Grade ","")))<=0,"On/above grade",IF(B59-IF(F59="Grade K",0,VALUE(SUBSTITUTE(F59,"Grade ","")))=1,"1 grade below",IF(B59-IF(F59="Grade K",0,VALUE(SUBSTITUTE(F59,"Grade ","")))=2,"2 grades below","3+ grades below")))) -> 3+ grades below | H59: Completed | I59: 449 | J59: Grade 2 | K59: =IF(J59="","",IF(B59-IF(J59="Grade K",0,VALUE(SUBSTITUTE(J59,"Grade ","")))<=0,"On/above grade",IF(B59-IF(J59="Grade K",0,VALUE(SUBSTITUTE(J59,"Grade ","")))=1,"1 grade below",IF(B59-IF(J59="Grade K",0,VALUE(SUBSTITUTE(J59,"Grade ","")))=2,"2 grades below","3+ grades below")))) -> 3+ grades below | L59: Present | M59: Present | N59: Absent
A60: =IFERROR(INDEX(Roster!$A$3:$A$148,MATCH(58,Roster!$D$3:$D$148,0)),"") -> S-109 | B60: =IFERROR(INDEX(Roster!$B$3:$B$148,MATCH(58,Roster!$D$3:$D$148,0)),"") -> 5 | C60: =IF(A60="","",IF(ROW()-3<$F$1,"Group A",IF(ROW()-3<2*$F$1,"Group B","Group C"))) -> Group C | D60: Completed | E60: 505 | F60: Grade 4 | G60: =IF(F60="","",IF(B60-IF(F60="Grade K",0,VALUE(SUBSTITUTE(F60,"Grade ","")))<=0,"On/above grade",IF(B60-IF(F60="Grade K",0,VALUE(SUBSTITUTE(F60,"Grade ","")))=1,"1 grade below",IF(B60-IF(F60="Grade K",0,VALUE(SUBSTITUTE(F60,"Grade ","")))=2,"2 grades below","3+ grades below")))) -> 1 grade below | H60: Completed | I60: 523 | J60: Grade 4 | K60: =IF(J60="","",IF(B60-IF(J60="Grade K",0,VALUE(SUBSTITUTE(J60,"Grade ","")))<=0,"On/above grade",IF(B60-IF(J60="Grade K",0,VALUE(SUBSTITUTE(J60,"Grade ","")))=1,"1 grade below",IF(B60-IF(J60="Grade K",0,VALUE(SUBSTITUTE(J60,"Grade ","")))=2,"2 grades below","3+ grades below")))) -> 1 grade below | L60: Completed All | M60: Present | N60: Completed All
A61: =IFERROR(INDEX(Roster!$A$3:$A$148,MATCH(59,Roster!$D$3:$D$148,0)),"") -> S-112 | B61: =IFERROR(INDEX(Roster!$B$3:$B$148,MATCH(59,Roster!$D$3:$D$148,0)),"") -> 8 | C61: =IF(A61="","",IF(ROW()-3<$F$1,"Group A",IF(ROW()-3<2*$F$1,"Group B","Group C"))) -> Group C | D61: Completed | E61: 629 | F61: Grade 7 | G61: =IF(F61="","",IF(B61-IF(F61="Grade K",0,VALUE(SUBSTITUTE(F61,"Grade ","")))<=0,"On/above grade",IF(B61-IF(F61="Grade K",0,VALUE(SUBSTITUTE(F61,"Grade ","")))=1,"1 grade below",IF(B61-IF(F61="Grade K",0,VALUE(SUBSTITUTE(F61,"Grade ","")))=2,"2 grades below","3+ grades below")))) -> 1 grade below | H61: Completed | I61: 571 | J61: Grade 5 | K61: =IF(J61="","",IF(B61-IF(J61="Grade K",0,VALUE(SUBSTITUTE(J61,"Grade ","")))<=0,"On/above grade",IF(B61-IF(J61="Grade K",0,VALUE(SUBSTITUTE(J61,"Grade ","")))=1,"1 grade below",IF(B61-IF(J61="Grade K",0,VALUE(SUBSTITUTE(J61,"Grade ","")))=2,"2 grades below","3+ grades below")))) -> 3+ grades below | L61: Present | M61: Present | N61: Present
A62: =IFERROR(INDEX(Roster!$A$3:$A$148,MATCH(60,Roster!$D$3:$D$148,0)),"") -> S-113 | B62: =IFERROR(INDEX(Roster!$B$3:$B$148,MATCH(60,Roster!$D$3:$D$148,0)),"") -> 8 | C62: =IF(A62="","",IF(ROW()-3<$F$1,"Group A",IF(ROW()-3<2*$F$1,"Group B","Group C"))) -> Group C | D62: Completed | E62: 549 | F62: Grade 5 | G62: =IF(F62="","",IF(B62-IF(F62="Grade K",0,VALUE(SUBSTITUTE(F62,"Grade ","")))<=0,"On/above grade",IF(B62-IF(F62="Grade K",0,VALUE(SUBSTITUTE(F62,"Grade ","")))=1,"1 grade below",IF(B62-IF(F62="Grade K",0,VALUE(SUBSTITUTE(F62,"Grade ","")))=2,"2 grades below","3+ grades below")))) -> 3+ grades below | H62: Completed | I62: 641 | J62: Grade 7 | K62: =IF(J62="","",IF(B62-IF(J62="Grade K",0,VALUE(SUBSTITUTE(J62,"Grade ","")))<=0,"On/above grade",IF(B62-IF(J62="Grade K",0,VALUE(SUBSTITUTE(J62,"Grade ","")))=1,"1 grade below",IF(B62-IF(J62="Grade K",0,VALUE(SUBSTITUTE(J62,"Grade ","")))=2,"2 grades below","3+ grades below")))) -> 1 grade below | L62: Present | M62: Present | N62: Completed All
A63: =IFERROR(INDEX(Roster!$A$3:$A$148,MATCH(61,Roster!$D$3:$D$148,0)),"") -> S-114 | B63: =IFERROR(INDEX(Roster!$B$3:$B$148,MATCH(61,Roster!$D$3:$D$148,0)),"") -> 8 | C63: =IF(A63="","",IF(ROW()-3<$F$1,"Group A",IF(ROW()-3<2*$F$1,"Group B","Group C"))) -> Group C | D63: Completed | E63: 589 | F63: Grade 6 | G63: =IF(F63="","",IF(B63-IF(F63="Grade K",0,VALUE(SUBSTITUTE(F63,"Grade ","")))<=0,"On/above grade",IF(B63-IF(F63="Grade K",0,VALUE(SUBSTITUTE(F63,"Grade ","")))=1,"1 grade below",IF(B63-IF(F63="Grade K",0,VALUE(SUBSTITUTE(F63,"Grade ","")))=2,"2 grades below","3+ grades below")))) -> 2 grades below | H63: Completed | I63: 645 | J63: Grade 8 | K63: =IF(J63="","",IF(B63-IF(J63="Grade K",0,VALUE(SUBSTITUTE(J63,"Grade ","")))<=0,"On/above grade",IF(B63-IF(J63="Grade K",0,VALUE(SUBSTITUTE(J63,"Grade ","")))=1,"1 grade below",IF(B63-IF(J63="Grade K",0,VALUE(SUBSTITUTE(J63,"Grade ","")))=2,"2 grades below","3+ grades below")))) -> On/above grade | L63: Present | M63: Present | N63: Present
A64: =IFERROR(INDEX(Roster!$A$3:$A$148,MATCH(62,Roster!$D$3:$D$148,0)),"") -> S-116 | B64: =IFERROR(INDEX(Roster!$B$3:$B$148,MATCH(62,Roster!$D$3:$D$148,0)),"") -> 8 | C64: =IF(A64="","",IF(ROW()-3<$F$1,"Group A",IF(ROW()-3<2*$F$1,"Group B","Group C"))) -> Group C | D64: Completed | E64: 576 | F64: Grade 6 | G64: =IF(F64="","",IF(B64-IF(F64="Grade K",0,VALUE(SUBSTITUTE(F64,"Grade ","")))<=0,"On/above grade",IF(B64-IF(F64="Grade K",0,VALUE(SUBSTITUTE(F64,"Grade ","")))=1,"1 grade below",IF(B64-IF(F64="Grade K",0,VALUE(SUBSTITUTE(F64,"Grade ","")))=2,"2 grades below","3+ grades below")))) -> 2 grades below | H64: Completed | I64: 585 | J64: Grade 6 | K64: =IF(J64="","",IF(B64-IF(J64="Grade K",0,VALUE(SUBSTITUTE(J64,"Grade ","")))<=0,"On/above grade",IF(B64-IF(J64="Grade K",0,VALUE(SUBSTITUTE(J64,"Grade ","")))=1,"1 grade below",IF(B64-IF(J64="Grade K",0,VALUE(SUBSTITUTE(J64,"Grade ","")))=2,"2 grades below","3+ grades below")))) -> 2 grades below | L64: Completed All | M64: Present | N64: Absent
A65: =IFERROR(INDEX(Roster!$A$3:$A$148,MATCH(63,Roster!$D$3:$D$148,0)),"") -> S-118 | B65: =IFERROR(INDEX(Roster!$B$3:$B$148,MATCH(63,Roster!$D$3:$D$148,0)),"") -> 5 | C65: =IF(A65="","",IF(ROW()-3<$F$1,"Group A",IF(ROW()-3<2*$F$1,"Group B","Group C"))) -> Group C | D65: Completed | E65: 522 | F65: Grade 4 | G65: =IF(F65="","",IF(B65-IF(F65="Grade K",0,VALUE(SUBSTITUTE(F65,"Grade ","")))<=0,"On/above grade",IF(B65-IF(F65="Grade K",0,VALUE(SUBSTITUTE(F65,"Grade ","")))=1,"1 grade below",IF(B65-IF(F65="Grade K",0,VALUE(SUBSTITUTE(F65,"Grade ","")))=2,"2 grades below","3+ grades below")))) -> 1 grade below | H65: Completed | I65: 403 | J65: Grade 1 | K65: =IF(J65="","",IF(B65-IF(J65="Grade K",0,VALUE(SUBSTITUTE(J65,"Grade ","")))<=0,"On/above grade",IF(B65-IF(J65="Grade K",0,VALUE(SUBSTITUTE(J65,"Grade ","")))=1,"1 grade below",IF(B65-IF(J65="Grade K",0,VALUE(SUBSTITUTE(J65,"Grade ","")))=2,"2 grades below","3+ grades below")))) -> 3+ grades below | L65: Present | M65: Present | N65: Completed All
A66: =IFERROR(INDEX(Roster!$A$3:$A$148,MATCH(64,Roster!$D$3:$D$148,0)),"") -> S-121 | B66: =IFERROR(INDEX(Roster!$B$3:$B$148,MATCH(64,Roster!$D$3:$D$148,0)),"") -> 5 | C66: =IF(A66="","",IF(ROW()-3<$F$1,"Group A",IF(ROW()-3<2*$F$1,"Group B","Group C"))) -> Group C | D66: Completed | E66: 456 | F66: Grade 2 | G66: =IF(F66="","",IF(B66-IF(F66="Grade K",0,VALUE(SUBSTITUTE(F66,"Grade ","")))<=0,"On/above grade",IF(B66-IF(F66="Grade K",0,VALUE(SUBSTITUTE(F66,"Grade ","")))=1,"1 grade below",IF(B66-IF(F66="Grade K",0,VALUE(SUBSTITUTE(F66,"Grade ","")))=2,"2 grades below","3+ grades below")))) -> 3+ grades below | H66: Completed | I66: 417 | J66: Grade 1 | K66: =IF(J66="","",IF(B66-IF(J66="Grade K",0,VALUE(SUBSTITUTE(J66,"Grade ","")))<=0,"On/above grade",IF(B66-IF(J66="Grade K",0,VALUE(SUBSTITUTE(J66,"Grade ","")))=1,"1 grade below",IF(B66-IF(J66="Grade K",0,VALUE(SUBSTITUTE(J66,"Grade ","")))=2,"2 grades below","3+ grades below")))) -> 3+ grades below | L66: Completed All | M66: Completed All | N66: Completed All
A67: =IFERROR(INDEX(Roster!$A$3:$A$148,MATCH(65,Roster!$D$3:$D$148,0)),"") -> S-122 | B67: =IFERROR(INDEX(Roster!$B$3:$B$148,MATCH(65,Roster!$D$3:$D$148,0)),"") -> 5 | C67: =IF(A67="","",IF(ROW()-3<$F$1,"Group A",IF(ROW()-3<2*$F$1,"Group B","Group C"))) -> Group C | D67: Started | G67: =IF(F67="","",IF(B67-IF(F67="Grade K",0,VALUE(SUBSTITUTE(F67,"Grade ","")))<=0,"On/above grade",IF(B67-IF(F67="Grade K",0,VALUE(SUBSTITUTE(F67,"Grade ","")))=1,"1 grade below",IF(B67-IF(F67="Grade K",0,VALUE(SUBSTITUTE(F67,"Grade ","")))=2,"2 grades below","3+ grades below")))) | H67: Absent | K67: =IF(J67="","",IF(B67-IF(J67="Grade K",0,VALUE(SUBSTITUTE(J67,"Grade ","")))<=0,"On/above grade",IF(B67-IF(J67="Grade K",0,VALUE(SUBSTITUTE(J67,"Grade ","")))=1,"1 grade below",IF(B67-IF(J67="Grade K",0,VALUE(SUBSTITUTE(J67,"Grade ","")))=2,"2 grades below","3+ grades below")))) | L67: Completed All | M67: Present | N67: Completed All
A68: =IFERROR(INDEX(Roster!$A$3:$A$148,MATCH(66,Roster!$D$3:$D$148,0)),"") -> S-123 | B68: =IFERROR(INDEX(Roster!$B$3:$B$148,MATCH(66,Roster!$D$3:$D$148,0)),"") -> 8 | C68: =IF(A68="","",IF(ROW()-3<$F$1,"Group A",IF(ROW()-3<2*$F$1,"Group B","Group C"))) -> Group C | D68: Completed | E68: 631 | F68: Grade 7 | G68: =IF(F68="","",IF(B68-IF(F68="Grade K",0,VALUE(SUBSTITUTE(F68,"Grade ","")))<=0,"On/above grade",IF(B68-IF(F68="Grade K",0,VALUE(SUBSTITUTE(F68,"Grade ","")))=1,"1 grade below",IF(B68-IF(F68="Grade K",0,VALUE(SUBSTITUTE(F68,"Grade ","")))=2,"2 grades below","3+ grades below")))) -> 1 grade below | H68: Absent | K68: =IF(J68="","",IF(B68-IF(J68="Grade K",0,VALUE(SUBSTITUTE(J68,"Grade ","")))<=0,"On/above grade",IF(B68-IF(J68="Grade K",0,VALUE(SUBSTITUTE(J68,"Grade ","")))=1,"1 grade below",IF(B68-IF(J68="Grade K",0,VALUE(SUBSTITUTE(J68,"Grade ","")))=2,"2 grades below","3+ grades below")))) | L68: Present | M68: Present | N68: Completed All
A69: =IFERROR(INDEX(Roster!$A$3:$A$148,MATCH(67,Roster!$D$3:$D$148,0)),"") -> S-124 | B69: =IFERROR(INDEX(Roster!$B$3:$B$148,MATCH(67,Roster!$D$3:$D$148,0)),"") -> 5 | C69: =IF(A69="","",IF(ROW()-3<$F$1,"Group A",IF(ROW()-3<2*$F$1,"Group B","Group C"))) -> Group C | D69: Completed | E69: 524 | F69: Grade 4 | G69: =IF(F69="","",IF(B69-IF(F69="Grade K",0,VALUE(SUBSTITUTE(F69,"Grade ","")))<=0,"On/above grade",IF(B69-IF(F69="Grade K",0,VALUE(SUBSTITUTE(F69,"Grade ","")))=1,"1 grade below",IF(B69-IF(F69="Grade K",0,VALUE(SUBSTITUTE(F69,"Grade ","")))=2,"2 grades below","3+ grades below")))) -> 1 grade below | H69: Completed | I69: 538 | J69: Grade 5 | K69: =IF(J69="","",IF(B69-IF(J69="Grade K",0,VALUE(SUBSTITUTE(J69,"Grade ","")))<=0,"On/above grade",IF(B69-IF(J69="Grade K",0,VALUE(SUBSTITUTE(J69,"Grade ","")))=1,"1 grade below",IF(B69-IF(J69="Grade K",0,VALUE(SUBSTITUTE(J69,"Grade ","")))=2,"2 grades below","3+ grades below")))) -> On/above grade | L69: Present | M69: Completed All | N69: Present
A70: =IFERROR(INDEX(Roster!$A$3:$A$148,MATCH(68,Roster!$D$3:$D$148,0)),"") -> S-126 | B70: =IFERROR(INDEX(Roster!$B$3:$B$148,MATCH(68,Roster!$D$3:$D$148,0)),"") -> 5 | C70: =IF(A70="","",IF(ROW()-3<$F$1,"Group A",IF(ROW()-3<2*$F$1,"Group B","Group C"))) -> Group C | D70: Completed | E70: 433 | F70: Grade 2 | G70: =IF(F70="","",IF(B70-IF(F70="Grade K",0,VALUE(SUBSTITUTE(F70,"Grade ","")))<=0,"On/above grade",IF(B70-IF(F70="Grade K",0,VALUE(SUBSTITUTE(F70,"Grade ","")))=1,"1 grade below",IF(B70-IF(F70="Grade K",0,VALUE(SUBSTITUTE(F70,"Grade ","")))=2,"2 grades below","3+ grades below")))) -> 3+ grades below | H70: Completed | I70: 565 | J70: Grade 5 | K70: =IF(J70="","",IF(B70-IF(J70="Grade K",0,VALUE(SUBSTITUTE(J70,"Grade ","")))<=0,"On/above grade",IF(B70-IF(J70="Grade K",0,VALUE(SUBSTITUTE(J70,"Grade ","")))=1,"1 grade below",IF(B70-IF(J70="Grade K",0,VALUE(SUBSTITUTE(J70,"Grade ","")))=2,"2 grades below","3+ grades below")))) -> On/above grade | L70: Absent | M70: Present | N70: Present
A71: =IFERROR(INDEX(Roster!$A$3:$A$148,MATCH(69,Roster!$D$3:$D$148,0)),"") -> S-128 | B71: =IFERROR(INDEX(Roster!$B$3:$B$148,MATCH(69,Roster!$D$3:$D$148,0)),"") -> 5 | C71: =IF(A71="","",IF(ROW()-3<$F$1,"Group A",IF(ROW()-3<2*$F$1,"Group B","Group C"))) -> Group C | D71: Completed | E71: 550 | F71: Grade 5 | G71: =IF(F71="","",IF(B71-IF(F71="Grade K",0,VALUE(SUBSTITUTE(F71,"Grade ","")))<=0,"On/above grade",IF(B71-IF(F71="Grade K",0,VALUE(SUBSTITUTE(F71,"Grade ","")))=1,"1 grade below",IF(B71-IF(F71="Grade K",0,VALUE(SUBSTITUTE(F71,"Grade ","")))=2,"2 grades below","3+ grades below")))) -> On/above grade | H71: Completed | I71: 532 | J71: Grade 4 | K71: =IF(J71="","",IF(B71-IF(J71="Grade K",0,VALUE(SUBSTITUTE(J71,"Grade ","")))<=0,"On/above grade",IF(B71-IF(J71="Grade K",0,VALUE(SUBSTITUTE(J71,"Grade ","")))=1,"1 grade below",IF(B71-IF(J71="Grade K",0,VALUE(SUBSTITUTE(J71,"Grade ","")))=2,"2 grades below","3+ grades below")))) -> 1 grade below | L71: Present | M71: Present | N71: Present
A72: =IFERROR(INDEX(Roster!$A$3:$A$148,MATCH(70,Roster!$D$3:$D$148,0)),"") -> S-131 | B72: =IFERROR(INDEX(Roster!$B$3:$B$148,MATCH(70,Roster!$D$3:$D$148,0)),"") -> 8 | C72: =IF(A72="","",IF(ROW()-3<$F$1,"Group A",IF(ROW()-3<2*$F$1,"Group B","Group C"))) -> Group C | D72: Completed | E72: 589 | F72: Grade 6 | G72: =IF(F72="","",IF(B72-IF(F72="Grade K",0,VALUE(SUBSTITUTE(F72,"Grade ","")))<=0,"On/above grade",IF(B72-IF(F72="Grade K",0,VALUE(SUBSTITUTE(F72,"Grade ","")))=1,"1 grade below",IF(B72-IF(F72="Grade K",0,VALUE(SUBSTITUTE(F72,"Grade ","")))=2,"2 grades below","3+ grades below")))) -> 2 grades below | H72: Completed | I72: 535 | J72: Grade 4 | K72: =IF(J72="","",IF(B72-IF(J72="Grade K",0,VALUE(SUBSTITUTE(J72,"Grade ","")))<=0,"On/above grade",IF(B72-IF(J72="Grade K",0,VALUE(SUBSTITUTE(J72,"Grade ","")))=1,"1 grade below",IF(B72-IF(J72="Grade K",0,VALUE(SUBSTITUTE(J72,"Grade ","")))=2,"2 grades below","3+ grades below")))) -> 3+ grades below | L72: Present | M72: Present | N72: Completed All
A73: =IFERROR(INDEX(Roster!$A$3:$A$148,MATCH(71,Roster!$D$3:$D$148,0)),"") -> S-132 | B73: =IFERROR(INDEX(Roster!$B$3:$B$148,MATCH(71,Roster!$D$3:$D$148,0)),"") -> 5 | C73: =IF(A73="","",IF(ROW()-3<$F$1,"Group A",IF(ROW()-3<2*$F$1,"Group B","Group C"))) -> Group C | D73: Absent | G73: =IF(F73="","",IF(B73-IF(F73="Grade K",0,VALUE(SUBSTITUTE(F73,"Grade ","")))<=0,"On/above grade",IF(B73-IF(F73="Grade K",0,VALUE(SUBSTITUTE(F73,"Grade ","")))=1,"1 grade below",IF(B73-IF(F73="Grade K",0,VALUE(SUBSTITUTE(F73,"Grade ","")))=2,"2 grades below","3+ grades below")))) | H73: Completed | I73: 505 | J73: Grade 4 | K73: =IF(J73="","",IF(B73-IF(J73="Grade K",0,VALUE(SUBSTITUTE(J73,"Grade ","")))<=0,"On/above grade",IF(B73-IF(J73="Grade K",0,VALUE(SUBSTITUTE(J73,"Grade ","")))=1,"1 grade below",IF(B73-IF(J73="Grade K",0,VALUE(SUBSTITUTE(J73,"Grade ","")))=2,"2 grades below","3+ grades below")))) -> 1 grade below | L73: Present | M73: Present | N73: Present
A74: =IFERROR(INDEX(Roster!$A$3:$A$148,MATCH(72,Roster!$D$3:$D$148,0)),"") -> S-133 | B74: =IFERROR(INDEX(Roster!$B$3:$B$148,MATCH(72,Roster!$D$3:$D$148,0)),"") -> 5 | C74: =IF(A74="","",IF(ROW()-3<$F$1,"Group A",IF(ROW()-3<2*$F$1,"Group B","Group C"))) -> Group C | D74: Absent | G74: =IF(F74="","",IF(B74-IF(F74="Grade K",0,VALUE(SUBSTITUTE(F74,"Grade ","")))<=0,"On/above grade",IF(B74-IF(F74="Grade K",0,VALUE(SUBSTITUTE(F74,"Grade ","")))=1,"1 grade below",IF(B74-IF(F74="Grade K",0,VALUE(SUBSTITUTE(F74,"Grade ","")))=2,"2 grades below","3+ grades below")))) | H74: Completed | I74: 533 | J74: Grade 4 | K74: =IF(J74="","",IF(B74-IF(J74="Grade K",0,VALUE(SUBSTITUTE(J74,"Grade ","")))<=0,"On/above grade",IF(B74-IF(J74="Grade K",0,VALUE(SUBSTITUTE(J74,"Grade ","")))=1,"1 grade below",IF(B74-IF(J74="Grade K",0,VALUE(SUBSTITUTE(J74,"Grade ","")))=2,"2 grades below","3+ grades below")))) -> 1 grade below | L74: Completed All | M74: Completed All | N74: Completed All
A75: =IFERROR(INDEX(Roster!$A$3:$A$148,MATCH(73,Roster!$D$3:$D$148,0)),"") -> S-136 | B75: =IFERROR(INDEX(Roster!$B$3:$B$148,MATCH(73,Roster!$D$3:$D$148,0)),"") -> 5 | C75: =IF(A75="","",IF(ROW()-3<$F$1,"Group A",IF(ROW()-3<2*$F$1,"Group B","Group C"))) -> Group C | D75: Completed | E75: 430 | F75: Grade 2 | G75: =IF(F75="","",IF(B75-IF(F75="Grade K",0,VALUE(SUBSTITUTE(F75,"Grade ","")))<=0,"On/above grade",IF(B75-IF(F75="Grade K",0,VALUE(SUBSTITUTE(F75,"Grade ","")))=1,"1 grade below",IF(B75-IF(F75="Grade K",0,VALUE(SUBSTITUTE(F75,"Grade ","")))=2,"2 grades below","3+ grades below")))) -> 3+ grades below | H75: Started | K75: =IF(J75="","",IF(B75-IF(J75="Grade K",0,VALUE(SUBSTITUTE(J75,"Grade ","")))<=0,"On/above grade",IF(B75-IF(J75="Grade K",0,VALUE(SUBSTITUTE(J75,"Grade ","")))=1,"1 grade below",IF(B75-IF(J75="Grade K",0,VALUE(SUBSTITUTE(J75,"Grade ","")))=2,"2 grades below","3+ grades below")))) | L75: Absent | M75: Present | N75: Present
A76: =IFERROR(INDEX(Roster!$A$3:$A$148,MATCH(74,Roster!$D$3:$D$148,0)),"") -> S-140 | B76: =IFERROR(INDEX(Roster!$B$3:$B$148,MATCH(74,Roster!$D$3:$D$148,0)),"") -> 5 | C76: =IF(A76="","",IF(ROW()-3<$F$1,"Group A",IF(ROW()-3<2*$F$1,"Group B","Group C"))) -> Group C | D76: Completed | E76: 456 | F76: Grade 2 | G76: =IF(F76="","",IF(B76-IF(F76="Grade K",0,VALUE(SUBSTITUTE(F76,"Grade ","")))<=0,"On/above grade",IF(B76-IF(F76="Grade K",0,VALUE(SUBSTITUTE(F76,"Grade ","")))=1,"1 grade below",IF(B76-IF(F76="Grade K",0,VALUE(SUBSTITUTE(F76,"Grade ","")))=2,"2 grades below","3+ grades below")))) -> 3+ grades below | H76: Completed | I76: 516 | J76: Grade 4 | K76: =IF(J76="","",IF(B76-IF(J76="Grade K",0,VALUE(SUBSTITUTE(J76,"Grade ","")))<=0,"On/above grade",IF(B76-IF(J76="Grade K",0,VALUE(SUBSTITUTE(J76,"Grade ","")))=1,"1 grade below",IF(B76-IF(J76="Grade K",0,VALUE(SUBSTITUTE(J76,"Grade ","")))=2,"2 grades below","3+ grades below")))) -> 1 grade below | L76: Absent | M76: Completed All | N76: Present
A77: =IFERROR(INDEX(Roster!$A$3:$A$148,MATCH(75,Roster!$D$3:$D$148,0)),"") -> S-141 | B77: =IFERROR(INDEX(Roster!$B$3:$B$148,MATCH(75,Roster!$D$3:$D$148,0)),"") -> 5 | C77: =IF(A77="","",IF(ROW()-3<$F$1,"Group A",IF(ROW()-3<2*$F$1,"Group B","Group C"))) -> Group C | D77: Completed | E77: 498 | F77: Grade 3 | G77: =IF(F77="","",IF(B77-IF(F77="Grade K",0,VALUE(SUBSTITUTE(F77,"Grade ","")))<=0,"On/above grade",IF(B77-IF(F77="Grade K",0,VALUE(SUBSTITUTE(F77,"Grade ","")))=1,"1 grade below",IF(B77-IF(F77="Grade K",0,VALUE(SUBSTITUTE(F77,"Grade ","")))=2,"2 grades below","3+ grades below")))) -> 2 grades below | H77: Completed | I77: 546 | J77: Grade 5 | K77: =IF(J77="","",IF(B77-IF(J77="Grade K",0,VALUE(SUBSTITUTE(J77,"Grade ","")))<=0,"On/above grade",IF(B77-IF(J77="Grade K",0,VALUE(SUBSTITUTE(J77,"Grade ","")))=1,"1 grade below",IF(B77-IF(J77="Grade K",0,VALUE(SUBSTITUTE(J77,"Grade ","")))=2,"2 grades below","3+ grades below")))) -> On/above grade | L77: Present | M77: Completed All | N77: Completed All
A78: =IFERROR(INDEX(Roster!$A$3:$A$148,MATCH(76,Roster!$D$3:$D$148,0)),"") | B78: =IFERROR(INDEX(Roster!$B$3:$B$148,MATCH(76,Roster!$D$3:$D$148,0)),"") | C78: =IF(A78="","",IF(ROW()-3<$F$1,"Group A",IF(ROW()-3<2*$F$1,"Group B","Group C"))) | G78: =IF(F78="","",IF(B78-IF(F78="Grade K",0,VALUE(SUBSTITUTE(F78,"Grade ","")))<=0,"On/above grade",IF(B78-IF(F78="Grade K",0,VALUE(SUBSTITUTE(F78,"Grade ","")))=1,"1 grade below",IF(B78-IF(F78="Grade K",0,VALUE(SUBSTITUTE(F78,"Grade ","")))=2,"2 grades below","3+ grades below")))) | K78: =IF(J78="","",IF(B78-IF(J78="Grade K",0,VALUE(SUBSTITUTE(J78,"Grade ","")))<=0,"On/above grade",IF(B78-IF(J78="Grade K",0,VALUE(SUBSTITUTE(J78,"Grade ","")))=1,"1 grade below",IF(B78-IF(J78="Grade K",0,VALUE(SUBSTITUTE(J78,"Grade ","")))=2,"2 grades below","3+ grades below"))))
A79: =IFERROR(INDEX(Roster!$A$3:$A$148,MATCH(77,Roster!$D$3:$D$148,0)),"") | B79: =IFERROR(INDEX(Roster!$B$3:$B$148,MATCH(77,Roster!$D$3:$D$148,0)),"") | C79: =IF(A79="","",IF(ROW()-3<$F$1,"Group A",IF(ROW()-3<2*$F$1,"Group B","Group C"))) | G79: =IF(F79="","",IF(B79-IF(F79="Grade K",0,VALUE(SUBSTITUTE(F79,"Grade ","")))<=0,"On/above grade",IF(B79-IF(F79="Grade K",0,VALUE(SUBSTITUTE(F79,"Grade ","")))=1,"1 grade below",IF(B79-IF(F79="Grade K",0,VALUE(SUBSTITUTE(F79,"Grade ","")))=2,"2 grades below","3+ grades below")))) | K79: =IF(J79="","",IF(B79-IF(J79="Grade K",0,VALUE(SUBSTITUTE(J79,"Grade ","")))<=0,"On/above grade",IF(B79-IF(J79="Grade K",0,VALUE(SUBSTITUTE(J79,"Grade ","")))=1,"1 grade below",IF(B79-IF(J79="Grade K",0,VALUE(SUBSTITUTE(J79,"Grade ","")))=2,"2 grades below","3+ grades below"))))
A80: =IFERROR(INDEX(Roster!$A$3:$A$148,MATCH(78,Roster!$D$3:$D$148,0)),"") | B80: =IFERROR(INDEX(Roster!$B$3:$B$148,MATCH(78,Roster!$D$3:$D$148,0)),"") | C80: =IF(A80="","",IF(ROW()-3<$F$1,"Group A",IF(ROW()-3<2*$F$1,"Group B","Group C"))) | G80: =IF(F80="","",IF(B80-IF(F80="Grade K",0,VALUE(SUBSTITUTE(F80,"Grade ","")))<=0,"On/above grade",IF(B80-IF(F80="Grade K",0,VALUE(SUBSTITUTE(F80,"Grade ","")))=1,"1 grade below",IF(B80-IF(F80="Grade K",0,VALUE(SUBSTITUTE(F80,"Grade ","")))=2,"2 grades below","3+ grades below")))) | K80: =IF(J80="","",IF(B80-IF(J80="Grade K",0,VALUE(SUBSTITUTE(J80,"Grade ","")))<=0,"On/above grade",IF(B80-IF(J80="Grade K",0,VALUE(SUBSTITUTE(J80,"Grade ","")))=1,"1 grade below",IF(B80-IF(J80="Grade K",0,VALUE(SUBSTITUTE(J80,"Grade ","")))=2,"2 grades below","3+ grades below"))))
A81: =IFERROR(INDEX(Roster!$A$3:$A$148,MATCH(79,Roster!$D$3:$D$148,0)),"") | B81: =IFERROR(INDEX(Roster!$B$3:$B$148,MATCH(79,Roster!$D$3:$D$148,0)),"") | C81: =IF(A81="","",IF(ROW()-3<$F$1,"Group A",IF(ROW()-3<2*$F$1,"Group B","Group C"))) | G81: =IF(F81="","",IF(B81-IF(F81="Grade K",0,VALUE(SUBSTITUTE(F81,"Grade ","")))<=0,"On/above grade",IF(B81-IF(F81="Grade K",0,VALUE(SUBSTITUTE(F81,"Grade ","")))=1,"1 grade below",IF(B81-IF(F81="Grade K",0,VALUE(SUBSTITUTE(F81,"Grade ","")))=2,"2 grades below","3+ grades below")))) | K81: =IF(J81="","",IF(B81-IF(J81="Grade K",0,VALUE(SUBSTITUTE(J81,"Grade ","")))<=0,"On/above grade",IF(B81-IF(J81="Grade K",0,VALUE(SUBSTITUTE(J81,"Grade ","")))=1,"1 grade below",IF(B81-IF(J81="Grade K",0,VALUE(SUBSTITUTE(J81,"Grade ","")))=2,"2 grades below","3+ grades below"))))
A82: =IFERROR(INDEX(Roster!$A$3:$A$148,MATCH(80,Roster!$D$3:$D$148,0)),"") | B82: =IFERROR(INDEX(Roster!$B$3:$B$148,MATCH(80,Roster!$D$3:$D$148,0)),"") | C82: =IF(A82="","",IF(ROW()-3<$F$1,"Group A",IF(ROW()-3<2*$F$1,"Group B","Group C"))) | G82: =IF(F82="","",IF(B82-IF(F82="Grade K",0,VALUE(SUBSTITUTE(F82,"Grade ","")))<=0,"On/above grade",IF(B82-IF(F82="Grade K",0,VALUE(SUBSTITUTE(F82,"Grade ","")))=1,"1 grade below",IF(B82-IF(F82="Grade K",0,VALUE(SUBSTITUTE(F82,"Grade ","")))=2,"2 grades below","3+ grades below")))) | K82: =IF(J82="","",IF(B82-IF(J82="Grade K",0,VALUE(SUBSTITUTE(J82,"Grade ","")))<=0,"On/above grade",IF(B82-IF(J82="Grade K",0,VALUE(SUBSTITUTE(J82,"Grade ","")))=1,"1 grade below",IF(B82-IF(J82="Grade K",0,VALUE(SUBSTITUTE(J82,"Grade ","")))=2,"2 grades below","3+ grades below"))))
A83: =IFERROR(INDEX(Roster!$A$3:$A$148,MATCH(81,Roster!$D$3:$D$148,0)),"") | B83: =IFERROR(INDEX(Roster!$B$3:$B$148,MATCH(81,Roster!$D$3:$D$148,0)),"") | C83: =IF(A83="","",IF(ROW()-3<$F$1,"Group A",IF(ROW()-3<2*$F$1,"Group B","Group C"))) | G83: =IF(F83="","",IF(B83-IF(F83="Grade K",0,VALUE(SUBSTITUTE(F83,"Grade ","")))<=0,"On/above grade",IF(B83-IF(F83="Grade K",0,VALUE(SUBSTITUTE(F83,"Grade ","")))=1,"1 grade below",IF(B83-IF(F83="Grade K",0,VALUE(SUBSTITUTE(F83,"Grade ","")))=2,"2 grades below","3+ grades below")))) | K83: =IF(J83="","",IF(B83-IF(J83="Grade K",0,VALUE(SUBSTITUTE(J83,"Grade ","")))<=0,"On/above grade",IF(B83-IF(J83="Grade K",0,VALUE(SUBSTITUTE(J83,"Grade ","")))=1,"1 grade below",IF(B83-IF(J83="Grade K",0,VALUE(SUBSTITUTE(J83,"Grade ","")))=2,"2 grades below","3+ grades below"))))
A84: =IFERROR(INDEX(Roster!$A$3:$A$148,MATCH(82,Roster!$D$3:$D$148,0)),"") | B84: =IFERROR(INDEX(Roster!$B$3:$B$148,MATCH(82,Roster!$D$3:$D$148,0)),"") | C84: =IF(A84="","",IF(ROW()-3<$F$1,"Group A",IF(ROW()-3<2*$F$1,"Group B","Group C"))) | G84: =IF(F84="","",IF(B84-IF(F84="Grade K",0,VALUE(SUBSTITUTE(F84,"Grade ","")))<=0,"On/above grade",IF(B84-IF(F84="Grade K",0,VALUE(SUBSTITUTE(F84,"Grade ","")))=1,"1 grade below",IF(B84-IF(F84="Grade K",0,VALUE(SUBSTITUTE(F84,"Grade ","")))=2,"2 grades below","3+ grades below")))) | K84: =IF(J84="","",IF(B84-IF(J84="Grade K",0,VALUE(SUBSTITUTE(J84,"Grade ","")))<=0,"On/above grade",IF(B84-IF(J84="Grade K",0,VALUE(SUBSTITUTE(J84,"Grade ","")))=1,"1 grade below",IF(B84-IF(J84="Grade K",0,VALUE(SUBSTITUTE(J84,"Grade ","")))=2,"2 grades below","3+ grades below"))))
A85: =IFERROR(INDEX(Roster!$A$3:$A$148,MATCH(83,Roster!$D$3:$D$148,0)),"") | B85: =IFERROR(INDEX(Roster!$B$3:$B$148,MATCH(83,Roster!$D$3:$D$148,0)),"") | C85: =IF(A85="","",IF(ROW()-3<$F$1,"Group A",IF(ROW()-3<2*$F$1,"Group B","Group C"))) | G85: =IF(F85="","",IF(B85-IF(F85="Grade K",0,VALUE(SUBSTITUTE(F85,"Grade ","")))<=0,"On/above grade",IF(B85-IF(F85="Grade K",0,VALUE(SUBSTITUTE(F85,"Grade ","")))=1,"1 grade below",IF(B85-IF(F85="Grade K",0,VALUE(SUBSTITUTE(F85,"Grade ","")))=2,"2 grades below","3+ grades below")))) | K85: =IF(J85="","",IF(B85-IF(J85="Grade K",0,VALUE(SUBSTITUTE(J85,"Grade ","")))<=0,"On/above grade",IF(B85-IF(J85="Grade K",0,VALUE(SUBSTITUTE(J85,"Grade ","")))=1,"1 grade below",IF(B85-IF(J85="Grade K",0,VALUE(SUBSTITUTE(J85,"Grade ","")))=2,"2 grades below","3+ grades below"))))
A86: =IFERROR(INDEX(Roster!$A$3:$A$148,MATCH(84,Roster!$D$3:$D$148,0)),"") | B86: =IFERROR(INDEX(Roster!$B$3:$B$148,MATCH(84,Roster!$D$3:$D$148,0)),"") | C86: =IF(A86="","",IF(ROW()-3<$F$1,"Group A",IF(ROW()-3<2*$F$1,"Group B","Group C"))) | G86: =IF(F86="","",IF(B86-IF(F86="Grade K",0,VALUE(SUBSTITUTE(F86,"Grade ","")))<=0,"On/above grade",IF(B86-IF(F86="Grade K",0,VALUE(SUBSTITUTE(F86,"Grade ","")))=1,"1 grade below",IF(B86-IF(F86="Grade K",0,VALUE(SUBSTITUTE(F86,"Grade ","")))=2,"2 grades below","3+ grades below")))) | K86: =IF(J86="","",IF(B86-IF(J86="Grade K",0,VALUE(SUBSTITUTE(J86,"Grade ","")))<=0,"On/above grade",IF(B86-IF(J86="Grade K",0,VALUE(SUBSTITUTE(J86,"Grade ","")))=1,"1 grade below",IF(B86-IF(J86="Grade K",0,VALUE(SUBSTITUTE(J86,"Grade ","")))=2,"2 grades below","3+ grades below"))))
A87: =IFERROR(INDEX(Roster!$A$3:$A$148,MATCH(85,Roster!$D$3:$D$148,0)),"") | B87: =IFERROR(INDEX(Roster!$B$3:$B$148,MATCH(85,Roster!$D$3:$D$148,0)),"") | C87: =IF(A87="","",IF(ROW()-3<$F$1,"Group A",IF(ROW()-3<2*$F$1,"Group B","Group C"))) | G87: =IF(F87="","",IF(B87-IF(F87="Grade K",0,VALUE(SUBSTITUTE(F87,"Grade ","")))<=0,"On/above grade",IF(B87-IF(F87="Grade K",0,VALUE(SUBSTITUTE(F87,"Grade ","")))=1,"1 grade below",IF(B87-IF(F87="Grade K",0,VALUE(SUBSTITUTE(F87,"Grade ","")))=2,"2 grades below","3+ grades below")))) | K87: =IF(J87="","",IF(B87-IF(J87="Grade K",0,VALUE(SUBSTITUTE(J87,"Grade ","")))<=0,"On/above grade",IF(B87-IF(J87="Grade K",0,VALUE(SUBSTITUTE(J87,"Grade ","")))=1,"1 grade below",IF(B87-IF(J87="Grade K",0,VALUE(SUBSTITUTE(J87,"Grade ","")))=2,"2 grades below","3+ grades below"))))

Sheet Week 2
A1: Week 2 | C1: Students: | D1: =COUNTIF(A3:A83,"S-*") -> 71 | E1: Per group: | F1: =ROUNDUP(D1/3,0) -> 24
A2: Student ID | B2: Grade | C2: Group | D2: ELA Status | E2: ELA Score | F2: ELA Placement | G2: ELA vs. Grade | H2: Math Status | I2: Math Score | J2: Math Placement | K2: Math vs. Grade | L2: Mon | M2: Tue | N2: Wed | O2: Notes
A3: =IFERROR(INDEX(Roster!$A$3:$A$148,MATCH(1,Roster!$E$3:$E$148,0)),"") -> S-004 | B3: =IFERROR(INDEX(Roster!$B$3:$B$148,MATCH(1,Roster!$E$3:$E$148,0)),"") -> 5 | C3: =IF(A3="","",IF(ROW()-3<$F$1,"Group A",IF(ROW()-3<2*$F$1,"Group B","Group C"))) -> Group A | D3: Completed | E3: 552 | F3: Grade 5 | G3: =IF(F3="","",IF(B3-IF(F3="Grade K",0,VALUE(SUBSTITUTE(F3,"Grade ","")))<=0,"On/above grade",IF(B3-IF(F3="Grade K",0,VALUE(SUBSTITUTE(F3,"Grade ","")))=1,"1 grade below",IF(B3-IF(F3="Grade K",0,VALUE(SUBSTITUTE(F3,"Grade ","")))=2,"2 grades below","3+ grades below")))) -> On/above grade | H3: Completed | I3: 530 | J3: Grade 4 | K3: =IF(J3="","",IF(B3-IF(J3="Grade K",0,VALUE(SUBSTITUTE(J3,"Grade ","")))<=0,"On/above grade",IF(B3-IF(J3="Grade K",0,VALUE(SUBSTITUTE(J3,"Grade ","")))=1,"1 grade below",IF(B3-IF(J3="Grade K",0,VALUE(SUBSTITUTE(J3,"Grade ","")))=2,"2 grades below","3+ grades below")))) -> 1 grade below | L3: Completed All | M3: Present | N3: Completed All
A4: =IFERROR(INDEX(Roster!$A$3:$A$148,MATCH(2,Roster!$E$3:$E$148,0)),"") -> S-005 | B4: =IFERROR(INDEX(Roster!$B$3:$B$148,MATCH(2,Roster!$E$3:$E$148,0)),"") -> 5 | C4: =IF(A4="","",IF(ROW()-3<$F$1,"Group A",IF(ROW()-3<2*$F$1,"Group B","Group C"))) -> Group A | D4: Completed | E4: 501 | F4: Grade 4 | G4: =IF(F4="","",IF(B4-IF(F4="Grade K",0,VALUE(SUBSTITUTE(F4,"Grade ","")))<=0,"On/above grade",IF(B4-IF(F4="Grade K",0,VALUE(SUBSTITUTE(F4,"Grade ","")))=1,"1 grade below",IF(B4-IF(F4="Grade K",0,VALUE(SUBSTITUTE(F4,"Grade ","")))=2,"2 grades below","3+ grades below")))) -> 1 grade below | H4: Completed | I4: 505 | J4: Grade 4 | K4: =IF(J4="","",IF(B4-IF(J4="Grade K",0,VALUE(SUBSTITUTE(J4,"Grade ","")))<=0,"On/above grade",IF(B4-IF(J4="Grade K",0,VALUE(SUBSTITUTE(J4,"Grade ","")))=1,"1 grade below",IF(B4-IF(J4="Grade K",0,VALUE(SUBSTITUTE(J4,"Grade ","")))=2,"2 grades below","3+ grades below")))) -> 1 grade below | L4: Completed All | M4: Present | N4: Present
A5: =IFERROR(INDEX(Roster!$A$3:$A$148,MATCH(3,Roster!$E$3:$E$148,0)),"") -> S-007 | B5: =IFERROR(INDEX(Roster!$B$3:$B$148,MATCH(3,Roster!$E$3:$E$148,0)),"") -> 5 | C5: =IF(A5="","",IF(ROW()-3<$F$1,"Group A",IF(ROW()-3<2*$F$1,"Group B","Group C"))) -> Group A | D5: Completed | E5: 519 | F5: Grade 4 | G5: =IF(F5="","",IF(B5-IF(F5="Grade K",0,VALUE(SUBSTITUTE(F5,"Grade ","")))<=0,"On/above grade",IF(B5-IF(F5="Grade K",0,VALUE(SUBSTITUTE(F5,"Grade ","")))=1,"1 grade below",IF(B5-IF(F5="Grade K",0,VALUE(SUBSTITUTE(F5,"Grade ","")))=2,"2 grades below","3+ grades below")))) -> 1 grade below | H5: Completed | I5: 535 | J5: Grade 4 | K5: =IF(J5="","",IF(B5-IF(J5="Grade K",0,VALUE(SUBSTITUTE(J5,"Grade ","")))<=0,"On/above grade",IF(B5-IF(J5="Grade K",0,VALUE(SUBSTITUTE(J5,"Grade ","")))=1,"1 grade below",IF(B5-IF(J5="Grade K",0,VALUE(SUBSTITUTE(J5,"Grade ","")))=2,"2 grades below","3+ grades below")))) -> 1 grade below | L5: Present | M5: Present | N5: Completed All
A6: =IFERROR(INDEX(Roster!$A$3:$A$148,MATCH(4,Roster!$E$3:$E$148,0)),"") -> S-008 | B6: =IFERROR(INDEX(Roster!$B$3:$B$148,MATCH(4,Roster!$E$3:$E$148,0)),"") -> 8 | C6: =IF(A6="","",IF(ROW()-3<$F$1,"Group A",IF(ROW()-3<2*$F$1,"Group B","Group C"))) -> Group A | D6: Completed | E6: 576 | F6: Grade 6 | G6: =IF(F6="","",IF(B6-IF(F6="Grade K",0,VALUE(SUBSTITUTE(F6,"Grade ","")))<=0,"On/above grade",IF(B6-IF(F6="Grade K",0,VALUE(SUBSTITUTE(F6,"Grade ","")))=1,"1 grade below",IF(B6-IF(F6="Grade K",0,VALUE(SUBSTITUTE(F6,"Grade ","")))=2,"2 grades below","3+ grades below")))) -> 2 grades below | H6: Completed | I6: 577 | J6: Grade 6 | K6: =IF(J6="","",IF(B6-IF(J6="Grade K",0,VALUE(SUBSTITUTE(J6,"Grade ","")))<=0,"On/above grade",IF(B6-IF(J6="Grade K",0,VALUE(SUBSTITUTE(J6,"Grade ","")))=1,"1 grade below",IF(B6-IF(J6="Grade K",0,VALUE(SUBSTITUTE(J6,"Grade ","")))=2,"2 grades below","3+ grades below")))) -> 2 grades below | L6: Completed All | M6: Present | N6: Present
A7: =IFERROR(INDEX(Roster!$A$3:$A$148,MATCH(5,Roster!$E$3:$E$148,0)),"") -> S-010 | B7: =IFERROR(INDEX(Roster!$B$3:$B$148,MATCH(5,Roster!$E$3:$E$148,0)),"") -> 5 | C7: =IF(A7="","",IF(ROW()-3<$F$1,"Group A",IF(ROW()-3<2*$F$1,"Group B","Group C"))) -> Group A | D7: Completed | E7: 571 | F7: Grade 5 | G7: =IF(F7="","",IF(B7-IF(F7="Grade K",0,VALUE(SUBSTITUTE(F7,"Grade ","")))<=0,"On/above grade",IF(B7-IF(F7="Grade K",0,VALUE(SUBSTITUTE(F7,"Grade ","")))=1,"1 grade below",IF(B7-IF(F7="Grade K",0,VALUE(SUBSTITUTE(F7,"Grade ","")))=2,"2 grades below","3+ grades below")))) -> On/above grade | H7: Completed | I7: 478 | J7: Grade 3 | K7: =IF(J7="","",IF(B7-IF(J7="Grade K",0,VALUE(SUBSTITUTE(J7,"Grade ","")))<=0,"On/above grade",IF(B7-IF(J7="Grade K",0,VALUE(SUBSTITUTE(J7,"Grade ","")))=1,"1 grade below",IF(B7-IF(J7="Grade K",0,VALUE(SUBSTITUTE(J7,"Grade ","")))=2,"2 grades below","3+ grades below")))) -> 2 grades below | L7: Absent | M7: Present | N7: Completed All
A8: =IFERROR(INDEX(Roster!$A$3:$A$148,MATCH(6,Roster!$E$3:$E$148,0)),"") -> S-012 | B8: =IFERROR(INDEX(Roster!$B$3:$B$148,MATCH(6,Roster!$E$3:$E$148,0)),"") -> 8 | C8: =IF(A8="","",IF(ROW()-3<$F$1,"Group A",IF(ROW()-3<2*$F$1,"Group B","Group C"))) -> Group A | D8: Absent | G8: =IF(F8="","",IF(B8-IF(F8="Grade K",0,VALUE(SUBSTITUTE(F8,"Grade ","")))<=0,"On/above grade",IF(B8-IF(F8="Grade K",0,VALUE(SUBSTITUTE(F8,"Grade ","")))=1,"1 grade below",IF(B8-IF(F8="Grade K",0,VALUE(SUBSTITUTE(F8,"Grade ","")))=2,"2 grades below","3+ grades below")))) | H8: Completed | I8: 525 | J8: Grade 4 | K8: =IF(J8="","",IF(B8-IF(J8="Grade K",0,VALUE(SUBSTITUTE(J8,"Grade ","")))<=0,"On/above grade",IF(B8-IF(J8="Grade K",0,VALUE(SUBSTITUTE(J8,"Grade ","")))=1,"1 grade below",IF(B8-IF(J8="Grade K",0,VALUE(SUBSTITUTE(J8,"Grade ","")))=2,"2 grades below","3+ grades below")))) -> 3+ grades below | L8: Present | M8: Present | N8: Present
A9: =IFERROR(INDEX(Roster!$A$3:$A$148,MATCH(7,Roster!$E$3:$E$148,0)),"") -> S-014 | B9: =IFERROR(INDEX(Roster!$B$3:$B$148,MATCH(7,Roster!$E$3:$E$148,0)),"") -> 8 | C9: =IF(A9="","",IF(ROW()-3<$F$1,"Group A",IF(ROW()-3<2*$F$1,"Group B","Group C"))) -> Group A | D9: Completed | E9: 659 | F9: Grade 8 | G9: =IF(F9="","",IF(B9-IF(F9="Grade K",0,VALUE(SUBSTITUTE(F9,"Grade ","")))<=0,"On/above grade",IF(B9-IF(F9="Grade K",0,VALUE(SUBSTITUTE(F9,"Grade ","")))=1,"1 grade below",IF(B9-IF(F9="Grade K",0,VALUE(SUBSTITUTE(F9,"Grade ","")))=2,"2 grades below","3+ grades below")))) -> On/above grade | H9: Absent | K9: =IF(J9="","",IF(B9-IF(J9="Grade K",0,VALUE(SUBSTITUTE(J9,"Grade ","")))<=0,"On/above grade",IF(B9-IF(J9="Grade K",0,VALUE(SUBSTITUTE(J9,"Grade ","")))=1,"1 grade below",IF(B9-IF(J9="Grade K",0,VALUE(SUBSTITUTE(J9,"Grade ","")))=2,"2 grades below","3+ grades below")))) | L9: Present | M9: Completed All | N9: Present
A10: =IFERROR(INDEX(Roster!$A$3:$A$148,MATCH(8,Roster!$E$3:$E$148,0)),"") -> S-015 | B10: =IFERROR(INDEX(Roster!$B$3:$B$148,MATCH(8,Roster!$E$3:$E$148,0)),"") -> 8 | C10: =IF(A10="","",IF(ROW()-3<$F$1,"Group A",IF(ROW()-3<2*$F$1,"Group B","Group C"))) -> Group A | D10: Completed | E10: 649 | F10: Grade 8 | G10: =IF(F10="","",IF(B10-IF(F10="Grade K",0,VALUE(SUBSTITUTE(F10,"Grade ","")))<=0,"On/above grade",IF(B10-IF(F10="Grade K",0,VALUE(SUBSTITUTE(F10,"Grade ","")))=1,"1 grade below",IF(B10-IF(F10="Grade K",0,VALUE(SUBSTITUTE(F10,"Grade ","")))=2,"2 grades below","3+ grades below")))) -> On/above grade | H10: Completed | I10: 680 | J10: Grade 8 | K10: =IF(J10="","",IF(B10-IF(J10="Grade K",0,VALUE(SUBSTITUTE(J10,"Grade ","")))<=0,"On/above grade",IF(B10-IF(J10="Grade K",0,VALUE(SUBSTITUTE(J10,"Grade ","")))=1,"1 grade below",IF(B10-IF(J10="Grade K",0,VALUE(SUBSTITUTE(J10,"Grade ","")))=2,"2 grades below","3+ grades below")))) -> On/above grade | L10: Completed All | M10: Present | N10: Present
A11: =IFERROR(INDEX(Roster!$A$3:$A$148,MATCH(9,Roster!$E$3:$E$148,0)),"") -> S-016 | B11: =IFERROR(INDEX(Roster!$B$3:$B$148,MATCH(9,Roster!$E$3:$E$148,0)),"") -> 8 | C11: =IF(A11="","",IF(ROW()-3<$F$1,"Group A",IF(ROW()-3<2*$F$1,"Group B","Group C"))) -> Group A | D11: Completed | E11: 575 | F11: Grade 6 | G11: =IF(F11="","",IF(B11-IF(F11="Grade K",0,VALUE(SUBSTITUTE(F11,"Grade ","")))<=0,"On/above grade",IF(B11-IF(F11="Grade K",0,VALUE(SUBSTITUTE(F11,"Grade ","")))=1,"1 grade below",IF(B11-IF(F11="Grade K",0,VALUE(SUBSTITUTE(F11,"Grade ","")))=2,"2 grades below","3+ grades below")))) -> 2 grades below | H11: Completed | I11: 647 | J11: Grade 8 | K11: =IF(J11="","",IF(B11-IF(J11="Grade K",0,VALUE(SUBSTITUTE(J11,"Grade ","")))<=0,"On/above grade",IF(B11-IF(J11="Grade K",0,VALUE(SUBSTITUTE(J11,"Grade ","")))=1,"1 grade below",IF(B11-IF(J11="Grade K",0,VALUE(SUBSTITUTE(J11,"Grade ","")))=2,"2 grades below","3+ grades below")))) -> On/above grade | L11: Present | M11: Completed All | N11: Present
A12: =IFERROR(INDEX(Roster!$A$3:$A$148,MATCH(10,Roster!$E$3:$E$148,0)),"") -> S-018 | B12: =IFERROR(INDEX(Roster!$B$3:$B$148,MATCH(10,Roster!$E$3:$E$148,0)),"") -> 8 | C12: =IF(A12="","",IF(ROW()-3<$F$1,"Group A",IF(ROW()-3<2*$F$1,"Group B","Group C"))) -> Group A | D12: Completed | E12: 543 | F12: Grade 5 | G12: =IF(F12="","",IF(B12-IF(F12="Grade K",0,VALUE(SUBSTITUTE(F12,"Grade ","")))<=0,"On/above grade",IF(B12-IF(F12="Grade K",0,VALUE(SUBSTITUTE(F12,"Grade ","")))=1,"1 grade below",IF(B12-IF(F12="Grade K",0,VALUE(SUBSTITUTE(F12,"Grade ","")))=2,"2 grades below","3+ grades below")))) -> 3+ grades below | H12: Completed | I12: 594 | J12: Grade 6 | K12: =IF(J12="","",IF(B12-IF(J12="Grade K",0,VALUE(SUBSTITUTE(J12,"Grade ","")))<=0,"On/above grade",IF(B12-IF(J12="Grade K",0,VALUE(SUBSTITUTE(J12,"Grade ","")))=1,"1 grade below",IF(B12-IF(J12="Grade K",0,VALUE(SUBSTITUTE(J12,"Grade ","")))=2,"2 grades below","3+ grades below")))) -> 2 grades below | L12: Present | M12: Absent | N12: Completed All
A13: =IFERROR(INDEX(Roster!$A$3:$A$148,MATCH(11,Roster!$E$3:$E$148,0)),"") -> S-019 | B13: =IFERROR(INDEX(Roster!$B$3:$B$148,MATCH(11,Roster!$E$3:$E$148,0)),"") -> 5 | C13: =IF(A13="","",IF(ROW()-3<$F$1,"Group A",IF(ROW()-3<2*$F$1,"Group B","Group C"))) -> Group A | D13: Completed | E13: 485 | F13: Grade 3 | G13: =IF(F13="","",IF(B13-IF(F13="Grade K",0,VALUE(SUBSTITUTE(F13,"Grade ","")))<=0,"On/above grade",IF(B13-IF(F13="Grade K",0,VALUE(SUBSTITUTE(F13,"Grade ","")))=1,"1 grade below",IF(B13-IF(F13="Grade K",0,VALUE(SUBSTITUTE(F13,"Grade ","")))=2,"2 grades below","3+ grades below")))) -> 2 grades below | H13: Absent | K13: =IF(J13="","",IF(B13-IF(J13="Grade K",0,VALUE(SUBSTITUTE(J13,"Grade ","")))<=0,"On/above grade",IF(B13-IF(J13="Grade K",0,VALUE(SUBSTITUTE(J13,"Grade ","")))=1,"1 grade below",IF(B13-IF(J13="Grade K",0,VALUE(SUBSTITUTE(J13,"Grade ","")))=2,"2 grades below","3+ grades below")))) | L13: Completed All | M13: Completed All | N13: Completed All
A14: =IFERROR(INDEX(Roster!$A$3:$A$148,MATCH(12,Roster!$E$3:$E$148,0)),"") -> S-020 | B14: =IFERROR(INDEX(Roster!$B$3:$B$148,MATCH(12,Roster!$E$3:$E$148,0)),"") -> 5 | C14: =IF(A14="","",IF(ROW()-3<$F$1,"Group A",IF(ROW()-3<2*$F$1,"Group B","Group C"))) -> Group A | D14: Completed | E14: 521 | F14: Grade 4 | G14: =IF(F14="","",IF(B14-IF(F14="Grade K",0,VALUE(SUBSTITUTE(F14,"Grade ","")))<=0,"On/above grade",IF(B14-IF(F14="Grade K",0,VALUE(SUBSTITUTE(F14,"Grade ","")))=1,"1 grade below",IF(B14-IF(F14="Grade K",0,VALUE(SUBSTITUTE(F14,"Grade ","")))=2,"2 grades below","3+ grades below")))) -> 1 grade below | H14: Completed | I14: 535 | J14: Grade 4 | K14: =IF(J14="","",IF(B14-IF(J14="Grade K",0,VALUE(SUBSTITUTE(J14,"Grade ","")))<=0,"On/above grade",IF(B14-IF(J14="Grade K",0,VALUE(SUBSTITUTE(J14,"Grade ","")))=1,"1 grade below",IF(B14-IF(J14="Grade K",0,VALUE(SUBSTITUTE(J14,"Grade ","")))=2,"2 grades below","3+ grades below")))) -> 1 grade below | L14: Present | M14: Present | N14: Completed All
A15: =IFERROR(INDEX(Roster!$A$3:$A$148,MATCH(13,Roster!$E$3:$E$148,0)),"") -> S-023 | B15: =IFERROR(INDEX(Roster!$B$3:$B$148,MATCH(13,Roster!$E$3:$E$148,0)),"") -> 8 | C15: =IF(A15="","",IF(ROW()-3<$F$1,"Group A",IF(ROW()-3<2*$F$1,"Group B","Group C"))) -> Group A | D15: Completed | E15: 580 | F15: Grade 6 | G15: =IF(F15="","",IF(B15-IF(F15="Grade K",0,VALUE(SUBSTITUTE(F15,"Grade ","")))<=0,"On/above grade",IF(B15-IF(F15="Grade K",0,VALUE(SUBSTITUTE(F15,"Grade ","")))=1,"1 grade below",IF(B15-IF(F15="Grade K",0,VALUE(SUBSTITUTE(F15,"Grade ","")))=2,"2 grades below","3+ grades below")))) -> 2 grades below | H15: Completed | I15: 624 | J15: Grade 7 | K15: =IF(J15="","",IF(B15-IF(J15="Grade K",0,VALUE(SUBSTITUTE(J15,"Grade ","")))<=0,"On/above grade",IF(B15-IF(J15="Grade K",0,VALUE(SUBSTITUTE(J15,"Grade ","")))=1,"1 grade below",IF(B15-IF(J15="Grade K",0,VALUE(SUBSTITUTE(J15,"Grade ","")))=2,"2 grades below","3+ grades below")))) -> 1 grade below | L15: Present | M15: Present | N15: Present
A16: =IFERROR(INDEX(Roster!$A$3:$A$148,MATCH(14,Roster!$E$3:$E$148,0)),"") -> S-025 | B16: =IFERROR(INDEX(Roster!$B$3:$B$148,MATCH(14,Roster!$E$3:$E$148,0)),"") -> 5 | C16: =IF(A16="","",IF(ROW()-3<$F$1,"Group A",IF(ROW()-3<2*$F$1,"Group B","Group C"))) -> Group A | D16: Completed | E16: 498 | F16: Grade 3 | G16: =IF(F16="","",IF(B16-IF(F16="Grade K",0,VALUE(SUBSTITUTE(F16,"Grade ","")))<=0,"On/above grade",IF(B16-IF(F16="Grade K",0,VALUE(SUBSTITUTE(F16,"Grade ","")))=1,"1 grade below",IF(B16-IF(F16="Grade K",0,VALUE(SUBSTITUTE(F16,"Grade ","")))=2,"2 grades below","3+ grades below")))) -> 2 grades below | H16: Absent | K16: =IF(J16="","",IF(B16-IF(J16="Grade K",0,VALUE(SUBSTITUTE(J16,"Grade ","")))<=0,"On/above grade",IF(B16-IF(J16="Grade K",0,VALUE(SUBSTITUTE(J16,"Grade ","")))=1,"1 grade below",IF(B16-IF(J16="Grade K",0,VALUE(SUBSTITUTE(J16,"Grade ","")))=2,"2 grades below","3+ grades below")))) | L16: Completed All | M16: Absent | N16: Present
A17: =IFERROR(INDEX(Roster!$A$3:$A$148,MATCH(15,Roster!$E$3:$E$148,0)),"") -> S-029 | B17: =IFERROR(INDEX(Roster!$B$3:$B$148,MATCH(15,Roster!$E$3:$E$148,0)),"") -> 8 | C17: =IF(A17="","",IF(ROW()-3<$F$1,"Group A",IF(ROW()-3<2*$F$1,"Group B","Group C"))) -> Group A | D17: Completed | E17: 575 | F17: Grade 6 | G17: =IF(F17="","",IF(B17-IF(F17="Grade K",0,VALUE(SUBSTITUTE(F17,"Grade ","")))<=0,"On/above grade",IF(B17-IF(F17="Grade K",0,VALUE(SUBSTITUTE(F17,"Grade ","")))=1,"1 grade below",IF(B17-IF(F17="Grade K",0,VALUE(SUBSTITUTE(F17,"Grade ","")))=2,"2 grades below","3+ grades below")))) -> 2 grades below | H17: Completed | I17: 631 | J17: Grade 7 | K17: =IF(J17="","",IF(B17-IF(J17="Grade K",0,VALUE(SUBSTITUTE(J17,"Grade ","")))<=0,"On/above grade",IF(B17-IF(J17="Grade K",0,VALUE(SUBSTITUTE(J17,"Grade ","")))=1,"1 grade below",IF(B17-IF(J17="Grade K",0,VALUE(SUBSTITUTE(J17,"Grade ","")))=2,"2 grades below","3+ grades below")))) -> 1 grade below | L17: Completed All | M17: Present | N17: Absent
A18: =IFERROR(INDEX(Roster!$A$3:$A$148,MATCH(16,Roster!$E$3:$E$148,0)),"") -> S-030 | B18: =IFERROR(INDEX(Roster!$B$3:$B$148,MATCH(16,Roster!$E$3:$E$148,0)),"") -> 8 | C18: =IF(A18="","",IF(ROW()-3<$F$1,"Group A",IF(ROW()-3<2*$F$1,"Group B","Group C"))) -> Group A | D18: Completed | E18: 612 | F18: Grade 7 | G18: =IF(F18="","",IF(B18-IF(F18="Grade K",0,VALUE(SUBSTITUTE(F18,"Grade ","")))<=0,"On/above grade",IF(B18-IF(F18="Grade K",0,VALUE(SUBSTITUTE(F18,"Grade ","")))=1,"1 grade below",IF(B18-IF(F18="Grade K",0,VALUE(SUBSTITUTE(F18,"Grade ","")))=2,"2 grades below","3+ grades below")))) -> 1 grade below | H18: Completed | I18: 585 | J18: Grade 6 | K18: =IF(J18="","",IF(B18-IF(J18="Grade K",0,VALUE(SUBSTITUTE(J18,"Grade ","")))<=0,"On/above grade",IF(B18-IF(J18="Grade K",0,VALUE(SUBSTITUTE(J18,"Grade ","")))=1,"1 grade below",IF(B18-IF(J18="Grade K",0,VALUE(SUBSTITUTE(J18,"Grade ","")))=2,"2 grades below","3+ grades below")))) -> 2 grades below | L18: Absent | M18: Present | N18: Present
A19: =IFERROR(INDEX(Roster!$A$3:$A$148,MATCH(17,Roster!$E$3:$E$148,0)),"") -> S-032 | B19: =IFERROR(INDEX(Roster!$B$3:$B$148,MATCH(17,Roster!$E$3:$E$148,0)),"") -> 8 | C19: =IF(A19="","",IF(ROW()-3<$F$1,"Group A",IF(ROW()-3<2*$F$1,"Group B","Group C"))) -> Group A | D19: Completed | E19: 661 | F19: Grade 8 | G19: =IF(F19="","",IF(B19-IF(F19="Grade K",0,VALUE(SUBSTITUTE(F19,"Grade ","")))<=0,"On/above grade",IF(B19-IF(F19="Grade K",0,VALUE(SUBSTITUTE(F19,"Grade ","")))=1,"1 grade below",IF(B19-IF(F19="Grade K",0,VALUE(SUBSTITUTE(F19,"Grade ","")))=2,"2 grades below","3+ grades below")))) -> On/above grade | H19: Completed | I19: 640 | J19: Grade 8 | K19: =IF(J19="","",IF(B19-IF(J19="Grade K",0,VALUE(SUBSTITUTE(J19,"Grade ","")))<=0,"On/above grade",IF(B19-IF(J19="Grade K",0,VALUE(SUBSTITUTE(J19,"Grade ","")))=1,"1 grade below",IF(B19-IF(J19="Grade K",0,VALUE(SUBSTITUTE(J19,"Grade ","")))=2,"2 grades below","3+ grades below")))) -> On/above grade | L19: Present | M19: Completed All | N19: Present
A20: =IFERROR(INDEX(Roster!$A$3:$A$148,MATCH(18,Roster!$E$3:$E$148,0)),"") -> S-033 | B20: =IFERROR(INDEX(Roster!$B$3:$B$148,MATCH(18,Roster!$E$3:$E$148,0)),"") -> 5 | C20: =IF(A20="","",IF(ROW()-3<$F$1,"Group A",IF(ROW()-3<2*$F$1,"Group B","Group C"))) -> Group A | D20: Completed | E20: 441 | F20: Grade 2 | G20: =IF(F20="","",IF(B20-IF(F20="Grade K",0,VALUE(SUBSTITUTE(F20,"Grade ","")))<=0,"On/above grade",IF(B20-IF(F20="Grade K",0,VALUE(SUBSTITUTE(F20,"Grade ","")))=1,"1 grade below",IF(B20-IF(F20="Grade K",0,VALUE(SUBSTITUTE(F20,"Grade ","")))=2,"2 grades below","3+ grades below")))) -> 3+ grades below | H20: Completed | I20: 459 | J20: Grade 2 | K20: =IF(J20="","",IF(B20-IF(J20="Grade K",0,VALUE(SUBSTITUTE(J20,"Grade ","")))<=0,"On/above grade",IF(B20-IF(J20="Grade K",0,VALUE(SUBSTITUTE(J20,"Grade ","")))=1,"1 grade below",IF(B20-IF(J20="Grade K",0,VALUE(SUBSTITUTE(J20,"Grade ","")))=2,"2 grades below","3+ grades below")))) -> 3+ grades below | L20: Present | M20: Present | N20: Absent
A21: =IFERROR(INDEX(Roster!$A$3:$A$148,MATCH(19,Roster!$E$3:$E$148,0)),"") -> S-036 | B21: =IFERROR(INDEX(Roster!$B$3:$B$148,MATCH(19,Roster!$E$3:$E$148,0)),"") -> 5 | C21: =IF(A21="","",IF(ROW()-3<$F$1,"Group A",IF(ROW()-3<2*$F$1,"Group B","Group C"))) -> Group A | D21: Absent | G21: =IF(F21="","",IF(B21-IF(F21="Grade K",0,VALUE(SUBSTITUTE(F21,"Grade ","")))<=0,"On/above grade",IF(B21-IF(F21="Grade K",0,VALUE(SUBSTITUTE(F21,"Grade ","")))=1,"1 grade below",IF(B21-IF(F21="Grade K",0,VALUE(SUBSTITUTE(F21,"Grade ","")))=2,"2 grades below","3+ grades below")))) | H21: Completed | I21: 524 | J21: Grade 4 | K21: =IF(J21="","",IF(B21-IF(J21="Grade K",0,VALUE(SUBSTITUTE(J21,"Grade ","")))<=0,"On/above grade",IF(B21-IF(J21="Grade K",0,VALUE(SUBSTITUTE(J21,"Grade ","")))=1,"1 grade below",IF(B21-IF(J21="Grade K",0,VALUE(SUBSTITUTE(J21,"Grade ","")))=2,"2 grades below","3+ grades below")))) -> 1 grade below | L21: Completed All | M21: Completed All | N21: Completed All
A22: =IFERROR(INDEX(Roster!$A$3:$A$148,MATCH(20,Roster!$E$3:$E$148,0)),"") -> S-037 | B22: =IFERROR(INDEX(Roster!$B$3:$B$148,MATCH(20,Roster!$E$3:$E$148,0)),"") -> 8 | C22: =IF(A22="","",IF(ROW()-3<$F$1,"Group A",IF(ROW()-3<2*$F$1,"Group B","Group C"))) -> Group A | D22: Completed | E22: 607 | F22: Grade 7 | G22: =IF(F22="","",IF(B22-IF(F22="Grade K",0,VALUE(SUBSTITUTE(F22,"Grade ","")))<=0,"On/above grade",IF(B22-IF(F22="Grade K",0,VALUE(SUBSTITUTE(F22,"Grade ","")))=1,"1 grade below",IF(B22-IF(F22="Grade K",0,VALUE(SUBSTITUTE(F22,"Grade ","")))=2,"2 grades below","3+ grades below")))) -> 1 grade below | H22: Completed | I22: 641 | J22: Grade 7 | K22: =IF(J22="","",IF(B22-IF(J22="Grade K",0,VALUE(SUBSTITUTE(J22,"Grade ","")))<=0,"On/above grade",IF(B22-IF(J22="Grade K",0,VALUE(SUBSTITUTE(J22,"Grade ","")))=1,"1 grade below",IF(B22-IF(J22="Grade K",0,VALUE(SUBSTITUTE(J22,"Grade ","")))=2,"2 grades below","3+ grades below")))) -> 1 grade below | L22: Present | M22: Present | N22: Present
A23: =IFERROR(INDEX(Roster!$A$3:$A$148,MATCH(21,Roster!$E$3:$E$148,0)),"") -> S-038 | B23: =IFERROR(INDEX(Roster!$B$3:$B$148,MATCH(21,Roster!$E$3:$E$148,0)),"") -> 8 | C23: =IF(A23="","",IF(ROW()-3<$F$1,"Group A",IF(ROW()-3<2*$F$1,"Group B","Group C"))) -> Group A | D23: Completed | E23: 503 | F23: Grade 4 | G23: =IF(F23="","",IF(B23-IF(F23="Grade K",0,VALUE(SUBSTITUTE(F23,"Grade ","")))<=0,"On/above grade",IF(B23-IF(F23="Grade K",0,VALUE(SUBSTITUTE(F23,"Grade ","")))=1,"1 grade below",IF(B23-IF(F23="Grade K",0,VALUE(SUBSTITUTE(F23,"Grade ","")))=2,"2 grades below","3+ grades below")))) -> 3+ grades below | H23: Completed | I23: 649 | J23: Grade 8 | K23: =IF(J23="","",IF(B23-IF(J23="Grade K",0,VALUE(SUBSTITUTE(J23,"Grade ","")))<=0,"On/above grade",IF(B23-IF(J23="Grade K",0,VALUE(SUBSTITUTE(J23,"Grade ","")))=1,"1 grade below",IF(B23-IF(J23="Grade K",0,VALUE(SUBSTITUTE(J23,"Grade ","")))=2,"2 grades below","3+ grades below")))) -> On/above grade | L23: Present | M23: Present | N23: Present
A24: =IFERROR(INDEX(Roster!$A$3:$A$148,MATCH(22,Roster!$E$3:$E$148,0)),"") -> S-040 | B24: =IFERROR(INDEX(Roster!$B$3:$B$148,MATCH(22,Roster!$E$3:$E$148,0)),"") -> 8 | C24: =IF(A24="","",IF(ROW()-3<$F$1,"Group A",IF(ROW()-3<2*$F$1,"Group B","Group C"))) -> Group A | D24: Completed | E24: 571 | F24: Grade 5 | G24: =IF(F24="","",IF(B24-IF(F24="Grade K",0,VALUE(SUBSTITUTE(F24,"Grade ","")))<=0,"On/above grade",IF(B24-IF(F24="Grade K",0,VALUE(SUBSTITUTE(F24,"Grade ","")))=1,"1 grade below",IF(B24-IF(F24="Grade K",0,VALUE(SUBSTITUTE(F24,"Grade ","")))=2,"2 grades below","3+ grades below")))) -> 3+ grades below | H24: Completed | I24: 601 | J24: Grade 6 | K24: =IF(J24="","",IF(B24-IF(J24="Grade K",0,VALUE(SUBSTITUTE(J24,"Grade ","")))<=0,"On/above grade",IF(B24-IF(J24="Grade K",0,VALUE(SUBSTITUTE(J24,"Grade ","")))=1,"1 grade below",IF(B24-IF(J24="Grade K",0,VALUE(SUBSTITUTE(J24,"Grade ","")))=2,"2 grades below","3+ grades below")))) -> 2 grades below | L24: Completed All | M24: Present | N24: Absent
A25: =IFERROR(INDEX(Roster!$A$3:$A$148,MATCH(23,Roster!$E$3:$E$148,0)),"") -> S-041 | B25: =IFERROR(INDEX(Roster!$B$3:$B$148,MATCH(23,Roster!$E$3:$E$148,0)),"") -> 5 | C25: =IF(A25="","",IF(ROW()-3<$F$1,"Group A",IF(ROW()-3<2*$F$1,"Group B","Group C"))) -> Group A | D25: Completed | E25: 437 | F25: Grade 2 | G25: =IF(F25="","",IF(B25-IF(F25="Grade K",0,VALUE(SUBSTITUTE(F25,"Grade ","")))<=0,"On/above grade",IF(B25-IF(F25="Grade K",0,VALUE(SUBSTITUTE(F25,"Grade ","")))=1,"1 grade below",IF(B25-IF(F25="Grade K",0,VALUE(SUBSTITUTE(F25,"Grade ","")))=2,"2 grades below","3+ grades below")))) -> 3+ grades below | H25: Completed | I25: 463 | J25: Grade 2 | K25: =IF(J25="","",IF(B25-IF(J25="Grade K",0,VALUE(SUBSTITUTE(J25,"Grade ","")))<=0,"On/above grade",IF(B25-IF(J25="Grade K",0,VALUE(SUBSTITUTE(J25,"Grade ","")))=1,"1 grade below",IF(B25-IF(J25="Grade K",0,VALUE(SUBSTITUTE(J25,"Grade ","")))=2,"2 grades below","3+ grades below")))) -> 3+ grades below | L25: Present | M25: Present | N25: Present
A26: =IFERROR(INDEX(Roster!$A$3:$A$148,MATCH(24,Roster!$E$3:$E$148,0)),"") -> S-045 | B26: =IFERROR(INDEX(Roster!$B$3:$B$148,MATCH(24,Roster!$E$3:$E$148,0)),"") -> 5 | C26: =IF(A26="","",IF(ROW()-3<$F$1,"Group A",IF(ROW()-3<2*$F$1,"Group B","Group C"))) -> Group A | D26: Completed | E26: 448 | F26: Grade 2 | G26: =IF(F26="","",IF(B26-IF(F26="Grade K",0,VALUE(SUBSTITUTE(F26,"Grade ","")))<=0,"On/above grade",IF(B26-IF(F26="Grade K",0,VALUE(SUBSTITUTE(F26,"Grade ","")))=1,"1 grade below",IF(B26-IF(F26="Grade K",0,VALUE(SUBSTITUTE(F26,"Grade ","")))=2,"2 grades below","3+ grades below")))) -> 3+ grades below | H26: Completed | I26: 454 | J26: Grade 2 | K26: =IF(J26="","",IF(B26-IF(J26="Grade K",0,VALUE(SUBSTITUTE(J26,"Grade ","")))<=0,"On/above grade",IF(B26-IF(J26="Grade K",0,VALUE(SUBSTITUTE(J26,"Grade ","")))=1,"1 grade below",IF(B26-IF(J26="Grade K",0,VALUE(SUBSTITUTE(J26,"Grade ","")))=2,"2 grades below","3+ grades below")))) -> 3+ grades below | L26: Present | M26: Completed All | N26: Present
A27: =IFERROR(INDEX(Roster!$A$3:$A$148,MATCH(25,Roster!$E$3:$E$148,0)),"") -> S-048 | B27: =IFERROR(INDEX(Roster!$B$3:$B$148,MATCH(25,Roster!$E$3:$E$148,0)),"") -> 8 | C27: =IF(A27="","",IF(ROW()-3<$F$1,"Group A",IF(ROW()-3<2*$F$1,"Group B","Group C"))) -> Group B | D27: Completed | E27: 647 | F27: Grade 8 | G27: =IF(F27="","",IF(B27-IF(F27="Grade K",0,VALUE(SUBSTITUTE(F27,"Grade ","")))<=0,"On/above grade",IF(B27-IF(F27="Grade K",0,VALUE(SUBSTITUTE(F27,"Grade ","")))=1,"1 grade below",IF(B27-IF(F27="Grade K",0,VALUE(SUBSTITUTE(F27,"Grade ","")))=2,"2 grades below","3+ grades below")))) -> On/above grade | H27: Completed | I27: 665 | J27: Grade 8 | K27: =IF(J27="","",IF(B27-IF(J27="Grade K",0,VALUE(SUBSTITUTE(J27,"Grade ","")))<=0,"On/above grade",IF(B27-IF(J27="Grade K",0,VALUE(SUBSTITUTE(J27,"Grade ","")))=1,"1 grade below",IF(B27-IF(J27="Grade K",0,VALUE(SUBSTITUTE(J27,"Grade ","")))=2,"2 grades below","3+ grades below")))) -> On/above grade | L27: Absent | M27: Present | N27: Present
A28: =IFERROR(INDEX(Roster!$A$3:$A$148,MATCH(26,Roster!$E$3:$E$148,0)),"") -> S-049 | B28: =IFERROR(INDEX(Roster!$B$3:$B$148,MATCH(26,Roster!$E$3:$E$148,0)),"") -> 8 | C28: =IF(A28="","",IF(ROW()-3<$F$1,"Group A",IF(ROW()-3<2*$F$1,"Group B","Group C"))) -> Group B | D28: Absent | G28: =IF(F28="","",IF(B28-IF(F28="Grade K",0,VALUE(SUBSTITUTE(F28,"Grade ","")))<=0,"On/above grade",IF(B28-IF(F28="Grade K",0,VALUE(SUBSTITUTE(F28,"Grade ","")))=1,"1 grade below",IF(B28-IF(F28="Grade K",0,VALUE(SUBSTITUTE(F28,"Grade ","")))=2,"2 grades below","3+ grades below")))) | H28: Completed | I28: 585 | J28: Grade 6 | K28: =IF(J28="","",IF(B28-IF(J28="Grade K",0,VALUE(SUBSTITUTE(J28,"Grade ","")))<=0,"On/above grade",IF(B28-IF(J28="Grade K",0,VALUE(SUBSTITUTE(J28,"Grade ","")))=1,"1 grade below",IF(B28-IF(J28="Grade K",0,VALUE(SUBSTITUTE(J28,"Grade ","")))=2,"2 grades below","3+ grades below")))) -> 2 grades below | L28: Completed All | M28: Absent | N28: Completed All
A29: =IFERROR(INDEX(Roster!$A$3:$A$148,MATCH(27,Roster!$E$3:$E$148,0)),"") -> S-050 | B29: =IFERROR(INDEX(Roster!$B$3:$B$148,MATCH(27,Roster!$E$3:$E$148,0)),"") -> 5 | C29: =IF(A29="","",IF(ROW()-3<$F$1,"Group A",IF(ROW()-3<2*$F$1,"Group B","Group C"))) -> Group B | D29: Started | G29: =IF(F29="","",IF(B29-IF(F29="Grade K",0,VALUE(SUBSTITUTE(F29,"Grade ","")))<=0,"On/above grade",IF(B29-IF(F29="Grade K",0,VALUE(SUBSTITUTE(F29,"Grade ","")))=1,"1 grade below",IF(B29-IF(F29="Grade K",0,VALUE(SUBSTITUTE(F29,"Grade ","")))=2,"2 grades below","3+ grades below")))) | H29: Completed | I29: 536 | J29: Grade 4 | K29: =IF(J29="","",IF(B29-IF(J29="Grade K",0,VALUE(SUBSTITUTE(J29,"Grade ","")))<=0,"On/above grade",IF(B29-IF(J29="Grade K",0,VALUE(SUBSTITUTE(J29,"Grade ","")))=1,"1 grade below",IF(B29-IF(J29="Grade K",0,VALUE(SUBSTITUTE(J29,"Grade ","")))=2,"2 grades below","3+ grades below")))) -> 1 grade below | L29: Completed All | M29: Present | N29: Completed All
A30: =IFERROR(INDEX(Roster!$A$3:$A$148,MATCH(28,Roster!$E$3:$E$148,0)),"") -> S-052 | B30: =IFERROR(INDEX(Roster!$B$3:$B$148,MATCH(28,Roster!$E$3:$E$148,0)),"") -> 5 | C30: =IF(A30="","",IF(ROW()-3<$F$1,"Group A",IF(ROW()-3<2*$F$1,"Group B","Group C"))) -> Group B | D30: Completed | E30: 436 | F30: Grade 2 | G30: =IF(F30="","",IF(B30-IF(F30="Grade K",0,VALUE(SUBSTITUTE(F30,"Grade ","")))<=0,"On/above grade",IF(B30-IF(F30="Grade K",0,VALUE(SUBSTITUTE(F30,"Grade ","")))=1,"1 grade below",IF(B30-IF(F30="Grade K",0,VALUE(SUBSTITUTE(F30,"Grade ","")))=2,"2 grades below","3+ grades below")))) -> 3+ grades below | H30: Completed | I30: 569 | J30: Grade 5 | K30: =IF(J30="","",IF(B30-IF(J30="Grade K",0,VALUE(SUBSTITUTE(J30,"Grade ","")))<=0,"On/above grade",IF(B30-IF(J30="Grade K",0,VALUE(SUBSTITUTE(J30,"Grade ","")))=1,"1 grade below",IF(B30-IF(J30="Grade K",0,VALUE(SUBSTITUTE(J30,"Grade ","")))=2,"2 grades below","3+ grades below")))) -> On/above grade | L30: Present | M30: Present | N30: Present
A31: =IFERROR(INDEX(Roster!$A$3:$A$148,MATCH(29,Roster!$E$3:$E$148,0)),"") -> S-053 | B31: =IFERROR(INDEX(Roster!$B$3:$B$148,MATCH(29,Roster!$E$3:$E$148,0)),"") -> 5 | C31: =IF(A31="","",IF(ROW()-3<$F$1,"Group A",IF(ROW()-3<2*$F$1,"Group B","Group C"))) -> Group B | D31: Completed | E31: 546 | F31: Grade 5 | G31: =IF(F31="","",IF(B31-IF(F31="Grade K",0,VALUE(SUBSTITUTE(F31,"Grade ","")))<=0,"On/above grade",IF(B31-IF(F31="Grade K",0,VALUE(SUBSTITUTE(F31,"Grade ","")))=1,"1 grade below",IF(B31-IF(F31="Grade K",0,VALUE(SUBSTITUTE(F31,"Grade ","")))=2,"2 grades below","3+ grades below")))) -> On/above grade | H31: Completed | I31: 463 | J31: Grade 2 | K31: =IF(J31="","",IF(B31-IF(J31="Grade K",0,VALUE(SUBSTITUTE(J31,"Grade ","")))<=0,"On/above grade",IF(B31-IF(J31="Grade K",0,VALUE(SUBSTITUTE(J31,"Grade ","")))=1,"1 grade below",IF(B31-IF(J31="Grade K",0,VALUE(SUBSTITUTE(J31,"Grade ","")))=2,"2 grades below","3+ grades below")))) -> 3+ grades below | L31: Present | M31: Present | N31: Present
A32: =IFERROR(INDEX(Roster!$A$3:$A$148,MATCH(30,Roster!$E$3:$E$148,0)),"") -> S-058 | B32: =IFERROR(INDEX(Roster!$B$3:$B$148,MATCH(30,Roster!$E$3:$E$148,0)),"") -> 5 | C32: =IF(A32="","",IF(ROW()-3<$F$1,"Group A",IF(ROW()-3<2*$F$1,"Group B","Group C"))) -> Group B | D32: Completed | E32: 555 | F32: Grade 5 | G32: =IF(F32="","",IF(B32-IF(F32="Grade K",0,VALUE(SUBSTITUTE(F32,"Grade ","")))<=0,"On/above grade",IF(B32-IF(F32="Grade K",0,VALUE(SUBSTITUTE(F32,"Grade ","")))=1,"1 grade below",IF(B32-IF(F32="Grade K",0,VALUE(SUBSTITUTE(F32,"Grade ","")))=2,"2 grades below","3+ grades below")))) -> On/above grade | H32: Completed | I32: 530 | J32: Grade 4 | K32: =IF(J32="","",IF(B32-IF(J32="Grade K",0,VALUE(SUBSTITUTE(J32,"Grade ","")))<=0,"On/above grade",IF(B32-IF(J32="Grade K",0,VALUE(SUBSTITUTE(J32,"Grade ","")))=1,"1 grade below",IF(B32-IF(J32="Grade K",0,VALUE(SUBSTITUTE(J32,"Grade ","")))=2,"2 grades below","3+ grades below")))) -> 1 grade below | L32: Completed All | M32: Present | N32: Completed All
A33: =IFERROR(INDEX(Roster!$A$3:$A$148,MATCH(31,Roster!$E$3:$E$148,0)),"") -> S-059 | B33: =IFERROR(INDEX(Roster!$B$3:$B$148,MATCH(31,Roster!$E$3:$E$148,0)),"") -> 5 | C33: =IF(A33="","",IF(ROW()-3<$F$1,"Group A",IF(ROW()-3<2*$F$1,"Group B","Group C"))) -> Group B | D33: Completed | E33: 555 | F33: Grade 5 | G33: =IF(F33="","",IF(B33-IF(F33="Grade K",0,VALUE(SUBSTITUTE(F33,"Grade ","")))<=0,"On/above grade",IF(B33-IF(F33="Grade K",0,VALUE(SUBSTITUTE(F33,"Grade ","")))=1,"1 grade below",IF(B33-IF(F33="Grade K",0,VALUE(SUBSTITUTE(F33,"Grade ","")))=2,"2 grades below","3+ grades below")))) -> On/above grade | H33: Completed | I33: 530 | J33: Grade 4 | K33: =IF(J33="","",IF(B33-IF(J33="Grade K",0,VALUE(SUBSTITUTE(J33,"Grade ","")))<=0,"On/above grade",IF(B33-IF(J33="Grade K",0,VALUE(SUBSTITUTE(J33,"Grade ","")))=1,"1 grade below",IF(B33-IF(J33="Grade K",0,VALUE(SUBSTITUTE(J33,"Grade ","")))=2,"2 grades below","3+ grades below")))) -> 1 grade below | L33: Present | M33: Completed All | N33: Completed All
A34: =IFERROR(INDEX(Roster!$A$3:$A$148,MATCH(32,Roster!$E$3:$E$148,0)),"") -> S-060 | B34: =IFERROR(INDEX(Roster!$B$3:$B$148,MATCH(32,Roster!$E$3:$E$148,0)),"") -> 5 | C34: =IF(A34="","",IF(ROW()-3<$F$1,"Group A",IF(ROW()-3<2*$F$1,"Group B","Group C"))) -> Group B | D34: Completed | E34: 515 | F34: Grade 4 | G34: =IF(F34="","",IF(B34-IF(F34="Grade K",0,VALUE(SUBSTITUTE(F34,"Grade ","")))<=0,"On/above grade",IF(B34-IF(F34="Grade K",0,VALUE(SUBSTITUTE(F34,"Grade ","")))=1,"1 grade below",IF(B34-IF(F34="Grade K",0,VALUE(SUBSTITUTE(F34,"Grade ","")))=2,"2 grades below","3+ grades below")))) -> 1 grade below | H34: Completed | I34: 433 | J34: Grade 2 | K34: =IF(J34="","",IF(B34-IF(J34="Grade K",0,VALUE(SUBSTITUTE(J34,"Grade ","")))<=0,"On/above grade",IF(B34-IF(J34="Grade K",0,VALUE(SUBSTITUTE(J34,"Grade ","")))=1,"1 grade below",IF(B34-IF(J34="Grade K",0,VALUE(SUBSTITUTE(J34,"Grade ","")))=2,"2 grades below","3+ grades below")))) -> 3+ grades below | L34: Completed All | M34: Present | N34: Completed All
A35: =IFERROR(INDEX(Roster!$A$3:$A$148,MATCH(33,Roster!$E$3:$E$148,0)),"") -> S-061 | B35: =IFERROR(INDEX(Roster!$B$3:$B$148,MATCH(33,Roster!$E$3:$E$148,0)),"") -> 5 | C35: =IF(A35="","",IF(ROW()-3<$F$1,"Group A",IF(ROW()-3<2*$F$1,"Group B","Group C"))) -> Group B | D35: Absent | G35: =IF(F35="","",IF(B35-IF(F35="Grade K",0,VALUE(SUBSTITUTE(F35,"Grade ","")))<=0,"On/above grade",IF(B35-IF(F35="Grade K",0,VALUE(SUBSTITUTE(F35,"Grade ","")))=1,"1 grade below",IF(B35-IF(F35="Grade K",0,VALUE(SUBSTITUTE(F35,"Grade ","")))=2,"2 grades below","3+ grades below")))) | H35: Completed | I35: 508 | J35: Grade 4 | K35: =IF(J35="","",IF(B35-IF(J35="Grade K",0,VALUE(SUBSTITUTE(J35,"Grade ","")))<=0,"On/above grade",IF(B35-IF(J35="Grade K",0,VALUE(SUBSTITUTE(J35,"Grade ","")))=1,"1 grade below",IF(B35-IF(J35="Grade K",0,VALUE(SUBSTITUTE(J35,"Grade ","")))=2,"2 grades below","3+ grades below")))) -> 1 grade below | L35: Present | M35: Absent | N35: Completed All
A36: =IFERROR(INDEX(Roster!$A$3:$A$148,MATCH(34,Roster!$E$3:$E$148,0)),"") -> S-063 | B36: =IFERROR(INDEX(Roster!$B$3:$B$148,MATCH(34,Roster!$E$3:$E$148,0)),"") -> 5 | C36: =IF(A36="","",IF(ROW()-3<$F$1,"Group A",IF(ROW()-3<2*$F$1,"Group B","Group C"))) -> Group B | D36: Completed | E36: 554 | F36: Grade 5 | G36: =IF(F36="","",IF(B36-IF(F36="Grade K",0,VALUE(SUBSTITUTE(F36,"Grade ","")))<=0,"On/above grade",IF(B36-IF(F36="Grade K",0,VALUE(SUBSTITUTE(F36,"Grade ","")))=1,"1 grade below",IF(B36-IF(F36="Grade K",0,VALUE(SUBSTITUTE(F36,"Grade ","")))=2,"2 grades below","3+ grades below")))) -> On/above grade | H36: Completed | I36: 482 | J36: Grade 3 | K36: =IF(J36="","",IF(B36-IF(J36="Grade K",0,VALUE(SUBSTITUTE(J36,"Grade ","")))<=0,"On/above grade",IF(B36-IF(J36="Grade K",0,VALUE(SUBSTITUTE(J36,"Grade ","")))=1,"1 grade below",IF(B36-IF(J36="Grade K",0,VALUE(SUBSTITUTE(J36,"Grade ","")))=2,"2 grades below","3+ grades below")))) -> 2 grades below | L36: Present | M36: Present | N36: Completed All
A37: =IFERROR(INDEX(Roster!$A$3:$A$148,MATCH(35,Roster!$E$3:$E$148,0)),"") -> S-069 | B37: =IFERROR(INDEX(Roster!$B$3:$B$148,MATCH(35,Roster!$E$3:$E$148,0)),"") -> 5 | C37: =IF(A37="","",IF(ROW()-3<$F$1,"Group A",IF(ROW()-3<2*$F$1,"Group B","Group C"))) -> Group B | D37: Completed | E37: 533 | F37: Grade 4 | G37: =IF(F37="","",IF(B37-IF(F37="Grade K",0,VALUE(SUBSTITUTE(F37,"Grade ","")))<=0,"On/above grade",IF(B37-IF(F37="Grade K",0,VALUE(SUBSTITUTE(F37,"Grade ","")))=1,"1 grade below",IF(B37-IF(F37="Grade K",0,VALUE(SUBSTITUTE(F37,"Grade ","")))=2,"2 grades below","3+ grades below")))) -> 1 grade below | H37: Started | K37: =IF(J37="","",IF(B37-IF(J37="Grade K",0,VALUE(SUBSTITUTE(J37,"Grade ","")))<=0,"On/above grade",IF(B37-IF(J37="Grade K",0,VALUE(SUBSTITUTE(J37,"Grade ","")))=1,"1 grade below",IF(B37-IF(J37="Grade K",0,VALUE(SUBSTITUTE(J37,"Grade ","")))=2,"2 grades below","3+ grades below")))) | L37: Present | M37: Present | N37: Present
A38: =IFERROR(INDEX(Roster!$A$3:$A$148,MATCH(36,Roster!$E$3:$E$148,0)),"") -> S-073 | B38: =IFERROR(INDEX(Roster!$B$3:$B$148,MATCH(36,Roster!$E$3:$E$148,0)),"") -> 5 | C38: =IF(A38="","",IF(ROW()-3<$F$1,"Group A",IF(ROW()-3<2*$F$1,"Group B","Group C"))) -> Group B | D38: Absent | G38: =IF(F38="","",IF(B38-IF(F38="Grade K",0,VALUE(SUBSTITUTE(F38,"Grade ","")))<=0,"On/above grade",IF(B38-IF(F38="Grade K",0,VALUE(SUBSTITUTE(F38,"Grade ","")))=1,"1 grade below",IF(B38-IF(F38="Grade K",0,VALUE(SUBSTITUTE(F38,"Grade ","")))=2,"2 grades below","3+ grades below")))) | H38: Completed | I38: 575 | J38: Grade 5 | K38: =IF(J38="","",IF(B38-IF(J38="Grade K",0,VALUE(SUBSTITUTE(J38,"Grade ","")))<=0,"On/above grade",IF(B38-IF(J38="Grade K",0,VALUE(SUBSTITUTE(J38,"Grade ","")))=1,"1 grade below",IF(B38-IF(J38="Grade K",0,VALUE(SUBSTITUTE(J38,"Grade ","")))=2,"2 grades below","3+ grades below")))) -> On/above grade | L38: Completed All | M38: Present | N38: Present
A39: =IFERROR(INDEX(Roster!$A$3:$A$148,MATCH(37,Roster!$E$3:$E$148,0)),"") -> S-078 | B39: =IFERROR(INDEX(Roster!$B$3:$B$148,MATCH(37,Roster!$E$3:$E$148,0)),"") -> 5 | C39: =IF(A39="","",IF(ROW()-3<$F$1,"Group A",IF(ROW()-3<2*$F$1,"Group B","Group C"))) -> Group B | D39: Absent | G39: =IF(F39="","",IF(B39-IF(F39="Grade K",0,VALUE(SUBSTITUTE(F39,"Grade ","")))<=0,"On/above grade",IF(B39-IF(F39="Grade K",0,VALUE(SUBSTITUTE(F39,"Grade ","")))=1,"1 grade below",IF(B39-IF(F39="Grade K",0,VALUE(SUBSTITUTE(F39,"Grade ","")))=2,"2 grades below","3+ grades below")))) | H39: Completed | I39: 430 | J39: Grade 2 | K39: =IF(J39="","",IF(B39-IF(J39="Grade K",0,VALUE(SUBSTITUTE(J39,"Grade ","")))<=0,"On/above grade",IF(B39-IF(J39="Grade K",0,VALUE(SUBSTITUTE(J39,"Grade ","")))=1,"1 grade below",IF(B39-IF(J39="Grade K",0,VALUE(SUBSTITUTE(J39,"Grade ","")))=2,"2 grades below","3+ grades below")))) -> 3+ grades below | L39: Present | M39: Present | N39: Present
A40: =IFERROR(INDEX(Roster!$A$3:$A$148,MATCH(38,Roster!$E$3:$E$148,0)),"") -> S-080 | B40: =IFERROR(INDEX(Roster!$B$3:$B$148,MATCH(38,Roster!$E$3:$E$148,0)),"") -> 5 | C40: =IF(A40="","",IF(ROW()-3<$F$1,"Group A",IF(ROW()-3<2*$F$1,"Group B","Group C"))) -> Group B | D40: Completed | E40: 553 | F40: Grade 5 | G40: =IF(F40="","",IF(B40-IF(F40="Grade K",0,VALUE(SUBSTITUTE(F40,"Grade ","")))<=0,"On/above grade",IF(B40-IF(F40="Grade K",0,VALUE(SUBSTITUTE(F40,"Grade ","")))=1,"1 grade below",IF(B40-IF(F40="Grade K",0,VALUE(SUBSTITUTE(F40,"Grade ","")))=2,"2 grades below","3+ grades below")))) -> On/above grade | H40: Absent | K40: =IF(J40="","",IF(B40-IF(J40="Grade K",0,VALUE(SUBSTITUTE(J40,"Grade ","")))<=0,"On/above grade",IF(B40-IF(J40="Grade K",0,VALUE(SUBSTITUTE(J40,"Grade ","")))=1,"1 grade below",IF(B40-IF(J40="Grade K",0,VALUE(SUBSTITUTE(J40,"Grade ","")))=2,"2 grades below","3+ grades below")))) | L40: Present | M40: Present | N40: Completed All
A41: =IFERROR(INDEX(Roster!$A$3:$A$148,MATCH(39,Roster!$E$3:$E$148,0)),"") -> S-082 | B41: =IFERROR(INDEX(Roster!$B$3:$B$148,MATCH(39,Roster!$E$3:$E$148,0)),"") -> 5 | C41: =IF(A41="","",IF(ROW()-3<$F$1,"Group A",IF(ROW()-3<2*$F$1,"Group B","Group C"))) -> Group B | D41: Completed | E41: 474 | F41: Grade 3 | G41: =IF(F41="","",IF(B41-IF(F41="Grade K",0,VALUE(SUBSTITUTE(F41,"Grade ","")))<=0,"On/above grade",IF(B41-IF(F41="Grade K",0,VALUE(SUBSTITUTE(F41,"Grade ","")))=1,"1 grade below",IF(B41-IF(F41="Grade K",0,VALUE(SUBSTITUTE(F41,"Grade ","")))=2,"2 grades below","3+ grades below")))) -> 2 grades below | H41: Absent | K41: =IF(J41="","",IF(B41-IF(J41="Grade K",0,VALUE(SUBSTITUTE(J41,"Grade ","")))<=0,"On/above grade",IF(B41-IF(J41="Grade K",0,VALUE(SUBSTITUTE(J41,"Grade ","")))=1,"1 grade below",IF(B41-IF(J41="Grade K",0,VALUE(SUBSTITUTE(J41,"Grade ","")))=2,"2 grades below","3+ grades below")))) | L41: Present | M41: Present | N41: Completed All
A42: =IFERROR(INDEX(Roster!$A$3:$A$148,MATCH(40,Roster!$E$3:$E$148,0)),"") -> S-083 | B42: =IFERROR(INDEX(Roster!$B$3:$B$148,MATCH(40,Roster!$E$3:$E$148,0)),"") -> 5 | C42: =IF(A42="","",IF(ROW()-3<$F$1,"Group A",IF(ROW()-3<2*$F$1,"Group B","Group C"))) -> Group B | D42: Completed | E42: 461 | F42: Grade 2 | G42: =IF(F42="","",IF(B42-IF(F42="Grade K",0,VALUE(SUBSTITUTE(F42,"Grade ","")))<=0,"On/above grade",IF(B42-IF(F42="Grade K",0,VALUE(SUBSTITUTE(F42,"Grade ","")))=1,"1 grade below",IF(B42-IF(F42="Grade K",0,VALUE(SUBSTITUTE(F42,"Grade ","")))=2,"2 grades below","3+ grades below")))) -> 3+ grades below | H42: Completed | I42: 558 | J42: Grade 5 | K42: =IF(J42="","",IF(B42-IF(J42="Grade K",0,VALUE(SUBSTITUTE(J42,"Grade ","")))<=0,"On/above grade",IF(B42-IF(J42="Grade K",0,VALUE(SUBSTITUTE(J42,"Grade ","")))=1,"1 grade below",IF(B42-IF(J42="Grade K",0,VALUE(SUBSTITUTE(J42,"Grade ","")))=2,"2 grades below","3+ grades below")))) -> On/above grade | L42: Present | M42: Present | N42: Present
A43: =IFERROR(INDEX(Roster!$A$3:$A$148,MATCH(41,Roster!$E$3:$E$148,0)),"") -> S-087 | B43: =IFERROR(INDEX(Roster!$B$3:$B$148,MATCH(41,Roster!$E$3:$E$148,0)),"") -> 5 | C43: =IF(A43="","",IF(ROW()-3<$F$1,"Group A",IF(ROW()-3<2*$F$1,"Group B","Group C"))) -> Group B | D43: Completed | E43: 470 | F43: Grade 2 | G43: =IF(F43="","",IF(B43-IF(F43="Grade K",0,VALUE(SUBSTITUTE(F43,"Grade ","")))<=0,"On/above grade",IF(B43-IF(F43="Grade K",0,VALUE(SUBSTITUTE(F43,"Grade ","")))=1,"1 grade below",IF(B43-IF(F43="Grade K",0,VALUE(SUBSTITUTE(F43,"Grade ","")))=2,"2 grades below","3+ grades below")))) -> 3+ grades below | H43: Completed | I43: 534 | J43: Grade 4 | K43: =IF(J43="","",IF(B43-IF(J43="Grade K",0,VALUE(SUBSTITUTE(J43,"Grade ","")))<=0,"On/above grade",IF(B43-IF(J43="Grade K",0,VALUE(SUBSTITUTE(J43,"Grade ","")))=1,"1 grade below",IF(B43-IF(J43="Grade K",0,VALUE(SUBSTITUTE(J43,"Grade ","")))=2,"2 grades below","3+ grades below")))) -> 1 grade below | L43: Present | M43: Completed All | N43: Present
A44: =IFERROR(INDEX(Roster!$A$3:$A$148,MATCH(42,Roster!$E$3:$E$148,0)),"") -> S-088 | B44: =IFERROR(INDEX(Roster!$B$3:$B$148,MATCH(42,Roster!$E$3:$E$148,0)),"") -> 5 | C44: =IF(A44="","",IF(ROW()-3<$F$1,"Group A",IF(ROW()-3<2*$F$1,"Group B","Group C"))) -> Group B | D44: Completed | E44: 563 | F44: Grade 5 | G44: =IF(F44="","",IF(B44-IF(F44="Grade K",0,VALUE(SUBSTITUTE(F44,"Grade ","")))<=0,"On/above grade",IF(B44-IF(F44="Grade K",0,VALUE(SUBSTITUTE(F44,"Grade ","")))=1,"1 grade below",IF(B44-IF(F44="Grade K",0,VALUE(SUBSTITUTE(F44,"Grade ","")))=2,"2 grades below","3+ grades below")))) -> On/above grade | H44: Completed | I44: 550 | J44: Grade 5 | K44: =IF(J44="","",IF(B44-IF(J44="Grade K",0,VALUE(SUBSTITUTE(J44,"Grade ","")))<=0,"On/above grade",IF(B44-IF(J44="Grade K",0,VALUE(SUBSTITUTE(J44,"Grade ","")))=1,"1 grade below",IF(B44-IF(J44="Grade K",0,VALUE(SUBSTITUTE(J44,"Grade ","")))=2,"2 grades below","3+ grades below")))) -> On/above grade | L44: Present | M44: Present | N44: Completed All
A45: =IFERROR(INDEX(Roster!$A$3:$A$148,MATCH(43,Roster!$E$3:$E$148,0)),"") -> S-089 | B45: =IFERROR(INDEX(Roster!$B$3:$B$148,MATCH(43,Roster!$E$3:$E$148,0)),"") -> 5 | C45: =IF(A45="","",IF(ROW()-3<$F$1,"Group A",IF(ROW()-3<2*$F$1,"Group B","Group C"))) -> Group B | D45: Completed | E45: 547 | F45: Grade 5 | G45: =IF(F45="","",IF(B45-IF(F45="Grade K",0,VALUE(SUBSTITUTE(F45,"Grade ","")))<=0,"On/above grade",IF(B45-IF(F45="Grade K",0,VALUE(SUBSTITUTE(F45,"Grade ","")))=1,"1 grade below",IF(B45-IF(F45="Grade K",0,VALUE(SUBSTITUTE(F45,"Grade ","")))=2,"2 grades below","3+ grades below")))) -> On/above grade | H45: Completed | I45: 501 | J45: Grade 3 | K45: =IF(J45="","",IF(B45-IF(J45="Grade K",0,VALUE(SUBSTITUTE(J45,"Grade ","")))<=0,"On/above grade",IF(B45-IF(J45="Grade K",0,VALUE(SUBSTITUTE(J45,"Grade ","")))=1,"1 grade below",IF(B45-IF(J45="Grade K",0,VALUE(SUBSTITUTE(J45,"Grade ","")))=2,"2 grades below","3+ grades below")))) -> 2 grades below | L45: Present | M45: Completed All | N45: Present
A46: =IFERROR(INDEX(Roster!$A$3:$A$148,MATCH(44,Roster!$E$3:$E$148,0)),"") -> S-091 | B46: =IFERROR(INDEX(Roster!$B$3:$B$148,MATCH(44,Roster!$E$3:$E$148,0)),"") -> 5 | C46: =IF(A46="","",IF(ROW()-3<$F$1,"Group A",IF(ROW()-3<2*$F$1,"Group B","Group C"))) -> Group B | D46: Completed | E46: 492 | F46: Grade 3 | G46: =IF(F46="","",IF(B46-IF(F46="Grade K",0,VALUE(SUBSTITUTE(F46,"Grade ","")))<=0,"On/above grade",IF(B46-IF(F46="Grade K",0,VALUE(SUBSTITUTE(F46,"Grade ","")))=1,"1 grade below",IF(B46-IF(F46="Grade K",0,VALUE(SUBSTITUTE(F46,"Grade ","")))=2,"2 grades below","3+ grades below")))) -> 2 grades below | H46: Completed | I46: 466 | J46: Grade 3 | K46: =IF(J46="","",IF(B46-IF(J46="Grade K",0,VALUE(SUBSTITUTE(J46,"Grade ","")))<=0,"On/above grade",IF(B46-IF(J46="Grade K",0,VALUE(SUBSTITUTE(J46,"Grade ","")))=1,"1 grade below",IF(B46-IF(J46="Grade K",0,VALUE(SUBSTITUTE(J46,"Grade ","")))=2,"2 grades below","3+ grades below")))) -> 2 grades below | L46: Present | M46: Absent | N46: Present
A47: =IFERROR(INDEX(Roster!$A$3:$A$148,MATCH(45,Roster!$E$3:$E$148,0)),"") -> S-092 | B47: =IFERROR(INDEX(Roster!$B$3:$B$148,MATCH(45,Roster!$E$3:$E$148,0)),"") -> 8 | C47: =IF(A47="","",IF(ROW()-3<$F$1,"Group A",IF(ROW()-3<2*$F$1,"Group B","Group C"))) -> Group B | D47: Completed | E47: 585 | F47: Grade 6 | G47: =IF(F47="","",IF(B47-IF(F47="Grade K",0,VALUE(SUBSTITUTE(F47,"Grade ","")))<=0,"On/above grade",IF(B47-IF(F47="Grade K",0,VALUE(SUBSTITUTE(F47,"Grade ","")))=1,"1 grade below",IF(B47-IF(F47="Grade K",0,VALUE(SUBSTITUTE(F47,"Grade ","")))=2,"2 grades below","3+ grades below")))) -> 2 grades below | H47: Completed | I47: 667 | J47: Grade 8 | K47: =IF(J47="","",IF(B47-IF(J47="Grade K",0,VALUE(SUBSTITUTE(J47,"Grade ","")))<=0,"On/above grade",IF(B47-IF(J47="Grade K",0,VALUE(SUBSTITUTE(J47,"Grade ","")))=1,"1 grade below",IF(B47-IF(J47="Grade K",0,VALUE(SUBSTITUTE(J47,"Grade ","")))=2,"2 grades below","3+ grades below")))) -> On/above grade | L47: Present | M47: Present | N47: Completed All
A48: =IFERROR(INDEX(Roster!$A$3:$A$148,MATCH(46,Roster!$E$3:$E$148,0)),"") -> S-094 | B48: =IFERROR(INDEX(Roster!$B$3:$B$148,MATCH(46,Roster!$E$3:$E$148,0)),"") -> 8 | C48: =IF(A48="","",IF(ROW()-3<$F$1,"Group A",IF(ROW()-3<2*$F$1,"Group B","Group C"))) -> Group B | D48: Completed | E48: 677 | F48: Grade 8 | G48: =IF(F48="","",IF(B48-IF(F48="Grade K",0,VALUE(SUBSTITUTE(F48,"Grade ","")))<=0,"On/above grade",IF(B48-IF(F48="Grade K",0,VALUE(SUBSTITUTE(F48,"Grade ","")))=1,"1 grade below",IF(B48-IF(F48="Grade K",0,VALUE(SUBSTITUTE(F48,"Grade ","")))=2,"2 grades below","3+ grades below")))) -> On/above grade | H48: Completed | I48: 602 | J48: Grade 6 | K48: =IF(J48="","",IF(B48-IF(J48="Grade K",0,VALUE(SUBSTITUTE(J48,"Grade ","")))<=0,"On/above grade",IF(B48-IF(J48="Grade K",0,VALUE(SUBSTITUTE(J48,"Grade ","")))=1,"1 grade below",IF(B48-IF(J48="Grade K",0,VALUE(SUBSTITUTE(J48,"Grade ","")))=2,"2 grades below","3+ grades below")))) -> 2 grades below | L48: Present | M48: Present | N48: Present
A49: =IFERROR(INDEX(Roster!$A$3:$A$148,MATCH(47,Roster!$E$3:$E$148,0)),"") -> S-095 | B49: =IFERROR(INDEX(Roster!$B$3:$B$148,MATCH(47,Roster!$E$3:$E$148,0)),"") -> 5 | C49: =IF(A49="","",IF(ROW()-3<$F$1,"Group A",IF(ROW()-3<2*$F$1,"Group B","Group C"))) -> Group B | D49: Completed | E49: 459 | F49: Grade 2 | G49: =IF(F49="","",IF(B49-IF(F49="Grade K",0,VALUE(SUBSTITUTE(F49,"Grade ","")))<=0,"On/above grade",IF(B49-IF(F49="Grade K",0,VALUE(SUBSTITUTE(F49,"Grade ","")))=1,"1 grade below",IF(B49-IF(F49="Grade K",0,VALUE(SUBSTITUTE(F49,"Grade ","")))=2,"2 grades below","3+ grades below")))) -> 3+ grades below | H49: Completed | I49: 523 | J49: Grade 4 | K49: =IF(J49="","",IF(B49-IF(J49="Grade K",0,VALUE(SUBSTITUTE(J49,"Grade ","")))<=0,"On/above grade",IF(B49-IF(J49="Grade K",0,VALUE(SUBSTITUTE(J49,"Grade ","")))=1,"1 grade below",IF(B49-IF(J49="Grade K",0,VALUE(SUBSTITUTE(J49,"Grade ","")))=2,"2 grades below","3+ grades below")))) -> 1 grade below | L49: Completed All | M49: Completed All | N49: Absent
A50: =IFERROR(INDEX(Roster!$A$3:$A$148,MATCH(48,Roster!$E$3:$E$148,0)),"") -> S-099 | B50: =IFERROR(INDEX(Roster!$B$3:$B$148,MATCH(48,Roster!$E$3:$E$148,0)),"") -> 8 | C50: =IF(A50="","",IF(ROW()-3<$F$1,"Group A",IF(ROW()-3<2*$F$1,"Group B","Group C"))) -> Group B | D50: Completed | E50: 608 | F50: Grade 6 | G50: =IF(F50="","",IF(B50-IF(F50="Grade K",0,VALUE(SUBSTITUTE(F50,"Grade ","")))<=0,"On/above grade",IF(B50-IF(F50="Grade K",0,VALUE(SUBSTITUTE(F50,"Grade ","")))=1,"1 grade below",IF(B50-IF(F50="Grade K",0,VALUE(SUBSTITUTE(F50,"Grade ","")))=2,"2 grades below","3+ grades below")))) -> 2 grades below | H50: Absent | K50: =IF(J50="","",IF(B50-IF(J50="Grade K",0,VALUE(SUBSTITUTE(J50,"Grade ","")))<=0,"On/above grade",IF(B50-IF(J50="Grade K",0,VALUE(SUBSTITUTE(J50,"Grade ","")))=1,"1 grade below",IF(B50-IF(J50="Grade K",0,VALUE(SUBSTITUTE(J50,"Grade ","")))=2,"2 grades below","3+ grades below")))) | L50: Present | M50: Present | N50: Completed All
A51: =IFERROR(INDEX(Roster!$A$3:$A$148,MATCH(49,Roster!$E$3:$E$148,0)),"") -> S-101 | B51: =IFERROR(INDEX(Roster!$B$3:$B$148,MATCH(49,Roster!$E$3:$E$148,0)),"") -> 8 | C51: =IF(A51="","",IF(ROW()-3<$F$1,"Group A",IF(ROW()-3<2*$F$1,"Group B","Group C"))) -> Group C | D51: Completed | E51: 673 | F51: Grade 8 | G51: =IF(F51="","",IF(B51-IF(F51="Grade K",0,VALUE(SUBSTITUTE(F51,"Grade ","")))<=0,"On/above grade",IF(B51-IF(F51="Grade K",0,VALUE(SUBSTITUTE(F51,"Grade ","")))=1,"1 grade below",IF(B51-IF(F51="Grade K",0,VALUE(SUBSTITUTE(F51,"Grade ","")))=2,"2 grades below","3+ grades below")))) -> On/above grade | H51: Completed | I51: 624 | J51: Grade 7 | K51: =IF(J51="","",IF(B51-IF(J51="Grade K",0,VALUE(SUBSTITUTE(J51,"Grade ","")))<=0,"On/above grade",IF(B51-IF(J51="Grade K",0,VALUE(SUBSTITUTE(J51,"Grade ","")))=1,"1 grade below",IF(B51-IF(J51="Grade K",0,VALUE(SUBSTITUTE(J51,"Grade ","")))=2,"2 grades below","3+ grades below")))) -> 1 grade below | L51: Present | M51: Absent | N51: Absent
A52: =IFERROR(INDEX(Roster!$A$3:$A$148,MATCH(50,Roster!$E$3:$E$148,0)),"") -> S-102 | B52: =IFERROR(INDEX(Roster!$B$3:$B$148,MATCH(50,Roster!$E$3:$E$148,0)),"") -> 8 | C52: =IF(A52="","",IF(ROW()-3<$F$1,"Group A",IF(ROW()-3<2*$F$1,"Group B","Group C"))) -> Group C | D52: Completed | E52: 609 | F52: Grade 6 | G52: =IF(F52="","",IF(B52-IF(F52="Grade K",0,VALUE(SUBSTITUTE(F52,"Grade ","")))<=0,"On/above grade",IF(B52-IF(F52="Grade K",0,VALUE(SUBSTITUTE(F52,"Grade ","")))=1,"1 grade below",IF(B52-IF(F52="Grade K",0,VALUE(SUBSTITUTE(F52,"Grade ","")))=2,"2 grades below","3+ grades below")))) -> 2 grades below | H52: Completed | I52: 675 | J52: Grade 8 | K52: =IF(J52="","",IF(B52-IF(J52="Grade K",0,VALUE(SUBSTITUTE(J52,"Grade ","")))<=0,"On/above grade",IF(B52-IF(J52="Grade K",0,VALUE(SUBSTITUTE(J52,"Grade ","")))=1,"1 grade below",IF(B52-IF(J52="Grade K",0,VALUE(SUBSTITUTE(J52,"Grade ","")))=2,"2 grades below","3+ grades below")))) -> On/above grade | L52: Completed All | M52: Present | N52: Present
A53: =IFERROR(INDEX(Roster!$A$3:$A$148,MATCH(51,Roster!$E$3:$E$148,0)),"") -> S-106 | B53: =IFERROR(INDEX(Roster!$B$3:$B$148,MATCH(51,Roster!$E$3:$E$148,0)),"") -> 5 | C53: =IF(A53="","",IF(ROW()-3<$F$1,"Group A",IF(ROW()-3<2*$F$1,"Group B","Group C"))) -> Group C | D53: Completed | E53: 539 | F53: Grade 4 | G53: =IF(F53="","",IF(B53-IF(F53="Grade K",0,VALUE(SUBSTITUTE(F53,"Grade ","")))<=0,"On/above grade",IF(B53-IF(F53="Grade K",0,VALUE(SUBSTITUTE(F53,"Grade ","")))=1,"1 grade below",IF(B53-IF(F53="Grade K",0,VALUE(SUBSTITUTE(F53,"Grade ","")))=2,"2 grades below","3+ grades below")))) -> 1 grade below | H53: Completed | I53: 572 | J53: Grade 5 | K53: =IF(J53="","",IF(B53-IF(J53="Grade K",0,VALUE(SUBSTITUTE(J53,"Grade ","")))<=0,"On/above grade",IF(B53-IF(J53="Grade K",0,VALUE(SUBSTITUTE(J53,"Grade ","")))=1,"1 grade below",IF(B53-IF(J53="Grade K",0,VALUE(SUBSTITUTE(J53,"Grade ","")))=2,"2 grades below","3+ grades below")))) -> On/above grade | L53: Completed All | M53: Present | N53: Present
A54: =IFERROR(INDEX(Roster!$A$3:$A$148,MATCH(52,Roster!$E$3:$E$148,0)),"") -> S-110 | B54: =IFERROR(INDEX(Roster!$B$3:$B$148,MATCH(52,Roster!$E$3:$E$148,0)),"") -> 8 | C54: =IF(A54="","",IF(ROW()-3<$F$1,"Group A",IF(ROW()-3<2*$F$1,"Group B","Group C"))) -> Group C | D54: Completed | E54: 572 | F54: Grade 5 | G54: =IF(F54="","",IF(B54-IF(F54="Grade K",0,VALUE(SUBSTITUTE(F54,"Grade ","")))<=0,"On/above grade",IF(B54-IF(F54="Grade K",0,VALUE(SUBSTITUTE(F54,"Grade ","")))=1,"1 grade below",IF(B54-IF(F54="Grade K",0,VALUE(SUBSTITUTE(F54,"Grade ","")))=2,"2 grades below","3+ grades below")))) -> 3+ grades below | H54: Absent | K54: =IF(J54="","",IF(B54-IF(J54="Grade K",0,VALUE(SUBSTITUTE(J54,"Grade ","")))<=0,"On/above grade",IF(B54-IF(J54="Grade K",0,VALUE(SUBSTITUTE(J54,"Grade ","")))=1,"1 grade below",IF(B54-IF(J54="Grade K",0,VALUE(SUBSTITUTE(J54,"Grade ","")))=2,"2 grades below","3+ grades below")))) | L54: Present | M54: Completed All | N54: Absent
A55: =IFERROR(INDEX(Roster!$A$3:$A$148,MATCH(53,Roster!$E$3:$E$148,0)),"") -> S-111 | B55: =IFERROR(INDEX(Roster!$B$3:$B$148,MATCH(53,Roster!$E$3:$E$148,0)),"") -> 5 | C55: =IF(A55="","",IF(ROW()-3<$F$1,"Group A",IF(ROW()-3<2*$F$1,"Group B","Group C"))) -> Group C | D55: Completed | E55: 503 | F55: Grade 4 | G55: =IF(F55="","",IF(B55-IF(F55="Grade K",0,VALUE(SUBSTITUTE(F55,"Grade ","")))<=0,"On/above grade",IF(B55-IF(F55="Grade K",0,VALUE(SUBSTITUTE(F55,"Grade ","")))=1,"1 grade below",IF(B55-IF(F55="Grade K",0,VALUE(SUBSTITUTE(F55,"Grade ","")))=2,"2 grades below","3+ grades below")))) -> 1 grade below | H55: Completed | I55: 511 | J55: Grade 4 | K55: =IF(J55="","",IF(B55-IF(J55="Grade K",0,VALUE(SUBSTITUTE(J55,"Grade ","")))<=0,"On/above grade",IF(B55-IF(J55="Grade K",0,VALUE(SUBSTITUTE(J55,"Grade ","")))=1,"1 grade below",IF(B55-IF(J55="Grade K",0,VALUE(SUBSTITUTE(J55,"Grade ","")))=2,"2 grades below","3+ grades below")))) -> 1 grade below | L55: Completed All | M55: Completed All | N55: Present
A56: =IFERROR(INDEX(Roster!$A$3:$A$148,MATCH(54,Roster!$E$3:$E$148,0)),"") -> S-115 | B56: =IFERROR(INDEX(Roster!$B$3:$B$148,MATCH(54,Roster!$E$3:$E$148,0)),"") -> 8 | C56: =IF(A56="","",IF(ROW()-3<$F$1,"Group A",IF(ROW()-3<2*$F$1,"Group B","Group C"))) -> Group C | D56: Completed | E56: 589 | F56: Grade 6 | G56: =IF(F56="","",IF(B56-IF(F56="Grade K",0,VALUE(SUBSTITUTE(F56,"Grade ","")))<=0,"On/above grade",IF(B56-IF(F56="Grade K",0,VALUE(SUBSTITUTE(F56,"Grade ","")))=1,"1 grade below",IF(B56-IF(F56="Grade K",0,VALUE(SUBSTITUTE(F56,"Grade ","")))=2,"2 grades below","3+ grades below")))) -> 2 grades below | H56: Completed | I56: 645 | J56: Grade 7 | K56: =IF(J56="","",IF(B56-IF(J56="Grade K",0,VALUE(SUBSTITUTE(J56,"Grade ","")))<=0,"On/above grade",IF(B56-IF(J56="Grade K",0,VALUE(SUBSTITUTE(J56,"Grade ","")))=1,"1 grade below",IF(B56-IF(J56="Grade K",0,VALUE(SUBSTITUTE(J56,"Grade ","")))=2,"2 grades below","3+ grades below")))) -> 1 grade below | L56: Completed All | M56: Completed All | N56: Present
A57: =IFERROR(INDEX(Roster!$A$3:$A$148,MATCH(55,Roster!$E$3:$E$148,0)),"") -> S-117 | B57: =IFERROR(INDEX(Roster!$B$3:$B$148,MATCH(55,Roster!$E$3:$E$148,0)),"") -> 8 | C57: =IF(A57="","",IF(ROW()-3<$F$1,"Group A",IF(ROW()-3<2*$F$1,"Group B","Group C"))) -> Group C | D57: Completed | E57: 657 | F57: Grade 8 | G57: =IF(F57="","",IF(B57-IF(F57="Grade K",0,VALUE(SUBSTITUTE(F57,"Grade ","")))<=0,"On/above grade",IF(B57-IF(F57="Grade K",0,VALUE(SUBSTITUTE(F57,"Grade ","")))=1,"1 grade below",IF(B57-IF(F57="Grade K",0,VALUE(SUBSTITUTE(F57,"Grade ","")))=2,"2 grades below","3+ grades below")))) -> On/above grade | H57: Completed | I57: 641 | J57: Grade 8 | K57: =IF(J57="","",IF(B57-IF(J57="Grade K",0,VALUE(SUBSTITUTE(J57,"Grade ","")))<=0,"On/above grade",IF(B57-IF(J57="Grade K",0,VALUE(SUBSTITUTE(J57,"Grade ","")))=1,"1 grade below",IF(B57-IF(J57="Grade K",0,VALUE(SUBSTITUTE(J57,"Grade ","")))=2,"2 grades below","3+ grades below")))) -> On/above grade | L57: Present | M57: Completed All | N57: Present
A58: =IFERROR(INDEX(Roster!$A$3:$A$148,MATCH(56,Roster!$E$3:$E$148,0)),"") -> S-119 | B58: =IFERROR(INDEX(Roster!$B$3:$B$148,MATCH(56,Roster!$E$3:$E$148,0)),"") -> 8 | C58: =IF(A58="","",IF(ROW()-3<$F$1,"Group A",IF(ROW()-3<2*$F$1,"Group B","Group C"))) -> Group C | D58: Completed | E58: 583 | F58: Grade 6 | G58: =IF(F58="","",IF(B58-IF(F58="Grade K",0,VALUE(SUBSTITUTE(F58,"Grade ","")))<=0,"On/above grade",IF(B58-IF(F58="Grade K",0,VALUE(SUBSTITUTE(F58,"Grade ","")))=1,"1 grade below",IF(B58-IF(F58="Grade K",0,VALUE(SUBSTITUTE(F58,"Grade ","")))=2,"2 grades below","3+ grades below")))) -> 2 grades below | H58: Completed | I58: 614 | J58: Grade 7 | K58: =IF(J58="","",IF(B58-IF(J58="Grade K",0,VALUE(SUBSTITUTE(J58,"Grade ","")))<=0,"On/above grade",IF(B58-IF(J58="Grade K",0,VALUE(SUBSTITUTE(J58,"Grade ","")))=1,"1 grade below",IF(B58-IF(J58="Grade K",0,VALUE(SUBSTITUTE(J58,"Grade ","")))=2,"2 grades below","3+ grades below")))) -> 1 grade below | L58: Completed All | M58: Completed All | N58: Present
A59: =IFERROR(INDEX(Roster!$A$3:$A$148,MATCH(57,Roster!$E$3:$E$148,0)),"") -> S-120 | B59: =IFERROR(INDEX(Roster!$B$3:$B$148,MATCH(57,Roster!$E$3:$E$148,0)),"") -> 8 | C59: =IF(A59="","",IF(ROW()-3<$F$1,"Group A",IF(ROW()-3<2*$F$1,"Group B","Group C"))) -> Group C | D59: Completed | E59: 542 | F59: Grade 5 | G59: =IF(F59="","",IF(B59-IF(F59="Grade K",0,VALUE(SUBSTITUTE(F59,"Grade ","")))<=0,"On/above grade",IF(B59-IF(F59="Grade K",0,VALUE(SUBSTITUTE(F59,"Grade ","")))=1,"1 grade below",IF(B59-IF(F59="Grade K",0,VALUE(SUBSTITUTE(F59,"Grade ","")))=2,"2 grades below","3+ grades below")))) -> 3+ grades below | H59: Completed | I59: 629 | J59: Grade 7 | K59: =IF(J59="","",IF(B59-IF(J59="Grade K",0,VALUE(SUBSTITUTE(J59,"Grade ","")))<=0,"On/above grade",IF(B59-IF(J59="Grade K",0,VALUE(SUBSTITUTE(J59,"Grade ","")))=1,"1 grade below",IF(B59-IF(J59="Grade K",0,VALUE(SUBSTITUTE(J59,"Grade ","")))=2,"2 grades below","3+ grades below")))) -> 1 grade below | L59: Present | M59: Completed All | N59: Present
A60: =IFERROR(INDEX(Roster!$A$3:$A$148,MATCH(58,Roster!$E$3:$E$148,0)),"") -> S-125 | B60: =IFERROR(INDEX(Roster!$B$3:$B$148,MATCH(58,Roster!$E$3:$E$148,0)),"") -> 8 | C60: =IF(A60="","",IF(ROW()-3<$F$1,"Group A",IF(ROW()-3<2*$F$1,"Group B","Group C"))) -> Group C | D60: Completed | E60: 538 | F60: Grade 5 | G60: =IF(F60="","",IF(B60-IF(F60="Grade K",0,VALUE(SUBSTITUTE(F60,"Grade ","")))<=0,"On/above grade",IF(B60-IF(F60="Grade K",0,VALUE(SUBSTITUTE(F60,"Grade ","")))=1,"1 grade below",IF(B60-IF(F60="Grade K",0,VALUE(SUBSTITUTE(F60,"Grade ","")))=2,"2 grades below","3+ grades below")))) -> 3+ grades below | H60: Completed | I60: 601 | J60: Grade 6 | K60: =IF(J60="","",IF(B60-IF(J60="Grade K",0,VALUE(SUBSTITUTE(J60,"Grade ","")))<=0,"On/above grade",IF(B60-IF(J60="Grade K",0,VALUE(SUBSTITUTE(J60,"Grade ","")))=1,"1 grade below",IF(B60-IF(J60="Grade K",0,VALUE(SUBSTITUTE(J60,"Grade ","")))=2,"2 grades below","3+ grades below")))) -> 2 grades below | L60: Present | M60: Present | N60: Present
A61: =IFERROR(INDEX(Roster!$A$3:$A$148,MATCH(59,Roster!$E$3:$E$148,0)),"") -> S-127 | B61: =IFERROR(INDEX(Roster!$B$3:$B$148,MATCH(59,Roster!$E$3:$E$148,0)),"") -> 5 | C61: =IF(A61="","",IF(ROW()-3<$F$1,"Group A",IF(ROW()-3<2*$F$1,"Group B","Group C"))) -> Group C | D61: Completed | E61: 527 | F61: Grade 4 | G61: =IF(F61="","",IF(B61-IF(F61="Grade K",0,VALUE(SUBSTITUTE(F61,"Grade ","")))<=0,"On/above grade",IF(B61-IF(F61="Grade K",0,VALUE(SUBSTITUTE(F61,"Grade ","")))=1,"1 grade below",IF(B61-IF(F61="Grade K",0,VALUE(SUBSTITUTE(F61,"Grade ","")))=2,"2 grades below","3+ grades below")))) -> 1 grade below | H61: Completed | I61: 498 | J61: Grade 3 | K61: =IF(J61="","",IF(B61-IF(J61="Grade K",0,VALUE(SUBSTITUTE(J61,"Grade ","")))<=0,"On/above grade",IF(B61-IF(J61="Grade K",0,VALUE(SUBSTITUTE(J61,"Grade ","")))=1,"1 grade below",IF(B61-IF(J61="Grade K",0,VALUE(SUBSTITUTE(J61,"Grade ","")))=2,"2 grades below","3+ grades below")))) -> 2 grades below | L61: Completed All | M61: Present | N61: Completed All
A62: =IFERROR(INDEX(Roster!$A$3:$A$148,MATCH(60,Roster!$E$3:$E$148,0)),"") -> S-129 | B62: =IFERROR(INDEX(Roster!$B$3:$B$148,MATCH(60,Roster!$E$3:$E$148,0)),"") -> 8 | C62: =IF(A62="","",IF(ROW()-3<$F$1,"Group A",IF(ROW()-3<2*$F$1,"Group B","Group C"))) -> Group C | D62: Completed | E62: 653 | F62: Grade 8 | G62: =IF(F62="","",IF(B62-IF(F62="Grade K",0,VALUE(SUBSTITUTE(F62,"Grade ","")))<=0,"On/above grade",IF(B62-IF(F62="Grade K",0,VALUE(SUBSTITUTE(F62,"Grade ","")))=1,"1 grade below",IF(B62-IF(F62="Grade K",0,VALUE(SUBSTITUTE(F62,"Grade ","")))=2,"2 grades below","3+ grades below")))) -> On/above grade | H62: Completed | I62: 633 | J62: Grade 7 | K62: =IF(J62="","",IF(B62-IF(J62="Grade K",0,VALUE(SUBSTITUTE(J62,"Grade ","")))<=0,"On/above grade",IF(B62-IF(J62="Grade K",0,VALUE(SUBSTITUTE(J62,"Grade ","")))=1,"1 grade below",IF(B62-IF(J62="Grade K",0,VALUE(SUBSTITUTE(J62,"Grade ","")))=2,"2 grades below","3+ grades below")))) -> 1 grade below | L62: Present | M62: Present | N62: Completed All
A63: =IFERROR(INDEX(Roster!$A$3:$A$148,MATCH(61,Roster!$E$3:$E$148,0)),"") -> S-130 | B63: =IFERROR(INDEX(Roster!$B$3:$B$148,MATCH(61,Roster!$E$3:$E$148,0)),"") -> 8 | C63: =IF(A63="","",IF(ROW()-3<$F$1,"Group A",IF(ROW()-3<2*$F$1,"Group B","Group C"))) -> Group C | D63: Completed | E63: 662 | F63: Grade 8 | G63: =IF(F63="","",IF(B63-IF(F63="Grade K",0,VALUE(SUBSTITUTE(F63,"Grade ","")))<=0,"On/above grade",IF(B63-IF(F63="Grade K",0,VALUE(SUBSTITUTE(F63,"Grade ","")))=1,"1 grade below",IF(B63-IF(F63="Grade K",0,VALUE(SUBSTITUTE(F63,"Grade ","")))=2,"2 grades below","3+ grades below")))) -> On/above grade | H63: Completed | I63: 641 | J63: Grade 8 | K63: =IF(J63="","",IF(B63-IF(J63="Grade K",0,VALUE(SUBSTITUTE(J63,"Grade ","")))<=0,"On/above grade",IF(B63-IF(J63="Grade K",0,VALUE(SUBSTITUTE(J63,"Grade ","")))=1,"1 grade below",IF(B63-IF(J63="Grade K",0,VALUE(SUBSTITUTE(J63,"Grade ","")))=2,"2 grades below","3+ grades below")))) -> On/above grade | L63: Completed All | M63: Present | N63: Present
A64: =IFERROR(INDEX(Roster!$A$3:$A$148,MATCH(62,Roster!$E$3:$E$148,0)),"") -> S-134 | B64: =IFERROR(INDEX(Roster!$B$3:$B$148,MATCH(62,Roster!$E$3:$E$148,0)),"") -> 5 | C64: =IF(A64="","",IF(ROW()-3<$F$1,"Group A",IF(ROW()-3<2*$F$1,"Group B","Group C"))) -> Group C | D64: Completed | E64: 469 | F64: Grade 3 | G64: =IF(F64="","",IF(B64-IF(F64="Grade K",0,VALUE(SUBSTITUTE(F64,"Grade ","")))<=0,"On/above grade",IF(B64-IF(F64="Grade K",0,VALUE(SUBSTITUTE(F64,"Grade ","")))=1,"1 grade below",IF(B64-IF(F64="Grade K",0,VALUE(SUBSTITUTE(F64,"Grade ","")))=2,"2 grades below","3+ grades below")))) -> 2 grades below | H64: Absent | K64: =IF(J64="","",IF(B64-IF(J64="Grade K",0,VALUE(SUBSTITUTE(J64,"Grade ","")))<=0,"On/above grade",IF(B64-IF(J64="Grade K",0,VALUE(SUBSTITUTE(J64,"Grade ","")))=1,"1 grade below",IF(B64-IF(J64="Grade K",0,VALUE(SUBSTITUTE(J64,"Grade ","")))=2,"2 grades below","3+ grades below")))) | L64: Present | M64: Completed All | N64: Completed All
A65: =IFERROR(INDEX(Roster!$A$3:$A$148,MATCH(63,Roster!$E$3:$E$148,0)),"") -> S-135 | B65: =IFERROR(INDEX(Roster!$B$3:$B$148,MATCH(63,Roster!$E$3:$E$148,0)),"") -> 5 | C65: =IF(A65="","",IF(ROW()-3<$F$1,"Group A",IF(ROW()-3<2*$F$1,"Group B","Group C"))) -> Group C | D65: Absent | G65: =IF(F65="","",IF(B65-IF(F65="Grade K",0,VALUE(SUBSTITUTE(F65,"Grade ","")))<=0,"On/above grade",IF(B65-IF(F65="Grade K",0,VALUE(SUBSTITUTE(F65,"Grade ","")))=1,"1 grade below",IF(B65-IF(F65="Grade K",0,VALUE(SUBSTITUTE(F65,"Grade ","")))=2,"2 grades below","3+ grades below")))) | H65: Started | K65: =IF(J65="","",IF(B65-IF(J65="Grade K",0,VALUE(SUBSTITUTE(J65,"Grade ","")))<=0,"On/above grade",IF(B65-IF(J65="Grade K",0,VALUE(SUBSTITUTE(J65,"Grade ","")))=1,"1 grade below",IF(B65-IF(J65="Grade K",0,VALUE(SUBSTITUTE(J65,"Grade ","")))=2,"2 grades below","3+ grades below")))) | L65: Present | M65: Completed All | N65: Present
A66: =IFERROR(INDEX(Roster!$A$3:$A$148,MATCH(64,Roster!$E$3:$E$148,0)),"") -> S-137 | B66: =IFERROR(INDEX(Roster!$B$3:$B$148,MATCH(64,Roster!$E$3:$E$148,0)),"") -> 8 | C66: =IF(A66="","",IF(ROW()-3<$F$1,"Group A",IF(ROW()-3<2*$F$1,"Group B","Group C"))) -> Group C | D66: Completed | E66: 608 | F66: Grade 7 | G66: =IF(F66="","",IF(B66-IF(F66="Grade K",0,VALUE(SUBSTITUTE(F66,"Grade ","")))<=0,"On/above grade",IF(B66-IF(F66="Grade K",0,VALUE(SUBSTITUTE(F66,"Grade ","")))=1,"1 grade below",IF(B66-IF(F66="Grade K",0,VALUE(SUBSTITUTE(F66,"Grade ","")))=2,"2 grades below","3+ grades below")))) -> 1 grade below | H66: Completed | I66: 518 | J66: Grade 4 | K66: =IF(J66="","",IF(B66-IF(J66="Grade K",0,VALUE(SUBSTITUTE(J66,"Grade ","")))<=0,"On/above grade",IF(B66-IF(J66="Grade K",0,VALUE(SUBSTITUTE(J66,"Grade ","")))=1,"1 grade below",IF(B66-IF(J66="Grade K",0,VALUE(SUBSTITUTE(J66,"Grade ","")))=2,"2 grades below","3+ grades below")))) -> 3+ grades below | L66: Present | M66: Present | N66: Present
A67: =IFERROR(INDEX(Roster!$A$3:$A$148,MATCH(65,Roster!$E$3:$E$148,0)),"") -> S-138 | B67: =IFERROR(INDEX(Roster!$B$3:$B$148,MATCH(65,Roster!$E$3:$E$148,0)),"") -> 5 | C67: =IF(A67="","",IF(ROW()-3<$F$1,"Group A",IF(ROW()-3<2*$F$1,"Group B","Group C"))) -> Group C | D67: Completed | E67: 510 | F67: Grade 4 | G67: =IF(F67="","",IF(B67-IF(F67="Grade K",0,VALUE(SUBSTITUTE(F67,"Grade ","")))<=0,"On/above grade",IF(B67-IF(F67="Grade K",0,VALUE(SUBSTITUTE(F67,"Grade ","")))=1,"1 grade below",IF(B67-IF(F67="Grade K",0,VALUE(SUBSTITUTE(F67,"Grade ","")))=2,"2 grades below","3+ grades below")))) -> 1 grade below | H67: Completed | I67: 498 | J67: Grade 3 | K67: =IF(J67="","",IF(B67-IF(J67="Grade K",0,VALUE(SUBSTITUTE(J67,"Grade ","")))<=0,"On/above grade",IF(B67-IF(J67="Grade K",0,VALUE(SUBSTITUTE(J67,"Grade ","")))=1,"1 grade below",IF(B67-IF(J67="Grade K",0,VALUE(SUBSTITUTE(J67,"Grade ","")))=2,"2 grades below","3+ grades below")))) -> 2 grades below | L67: Present | M67: Present | N67: Present
A68: =IFERROR(INDEX(Roster!$A$3:$A$148,MATCH(66,Roster!$E$3:$E$148,0)),"") -> S-139 | B68: =IFERROR(INDEX(Roster!$B$3:$B$148,MATCH(66,Roster!$E$3:$E$148,0)),"") -> 8 | C68: =IF(A68="","",IF(ROW()-3<$F$1,"Group A",IF(ROW()-3<2*$F$1,"Group B","Group C"))) -> Group C | D68: Completed | E68: 605 | F68: Grade 6 | G68: =IF(F68="","",IF(B68-IF(F68="Grade K",0,VALUE(SUBSTITUTE(F68,"Grade ","")))<=0,"On/above grade",IF(B68-IF(F68="Grade K",0,VALUE(SUBSTITUTE(F68,"Grade ","")))=1,"1 grade below",IF(B68-IF(F68="Grade K",0,VALUE(SUBSTITUTE(F68,"Grade ","")))=2,"2 grades below","3+ grades below")))) -> 2 grades below | H68: Completed | I68: 560 | J68: Grade 5 | K68: =IF(J68="","",IF(B68-IF(J68="Grade K",0,VALUE(SUBSTITUTE(J68,"Grade ","")))<=0,"On/above grade",IF(B68-IF(J68="Grade K",0,VALUE(SUBSTITUTE(J68,"Grade ","")))=1,"1 grade below",IF(B68-IF(J68="Grade K",0,VALUE(SUBSTITUTE(J68,"Grade ","")))=2,"2 grades below","3+ grades below")))) -> 3+ grades below | L68: Present | M68: Absent | N68: Absent
A69: =IFERROR(INDEX(Roster!$A$3:$A$148,MATCH(67,Roster!$E$3:$E$148,0)),"") -> S-142 | B69: =IFERROR(INDEX(Roster!$B$3:$B$148,MATCH(67,Roster!$E$3:$E$148,0)),"") -> 8 | C69: =IF(A69="","",IF(ROW()-3<$F$1,"Group A",IF(ROW()-3<2*$F$1,"Group B","Group C"))) -> Group C | D69: Completed | E69: 642 | F69: Grade 7 | G69: =IF(F69="","",IF(B69-IF(F69="Grade K",0,VALUE(SUBSTITUTE(F69,"Grade ","")))<=0,"On/above grade",IF(B69-IF(F69="Grade K",0,VALUE(SUBSTITUTE(F69,"Grade ","")))=1,"1 grade below",IF(B69-IF(F69="Grade K",0,VALUE(SUBSTITUTE(F69,"Grade ","")))=2,"2 grades below","3+ grades below")))) -> 1 grade below | H69: Completed | I69: 586 | J69: Grade 6 | K69: =IF(J69="","",IF(B69-IF(J69="Grade K",0,VALUE(SUBSTITUTE(J69,"Grade ","")))<=0,"On/above grade",IF(B69-IF(J69="Grade K",0,VALUE(SUBSTITUTE(J69,"Grade ","")))=1,"1 grade below",IF(B69-IF(J69="Grade K",0,VALUE(SUBSTITUTE(J69,"Grade ","")))=2,"2 grades below","3+ grades below")))) -> 2 grades below | L69: Present | M69: Present | N69: Present
A70: =IFERROR(INDEX(Roster!$A$3:$A$148,MATCH(68,Roster!$E$3:$E$148,0)),"") -> S-143 | B70: =IFERROR(INDEX(Roster!$B$3:$B$148,MATCH(68,Roster!$E$3:$E$148,0)),"") -> 8 | C70: =IF(A70="","",IF(ROW()-3<$F$1,"Group A",IF(ROW()-3<2*$F$1,"Group B","Group C"))) -> Group C | D70: Completed | E70: 651 | F70: Grade 8 | G70: =IF(F70="","",IF(B70-IF(F70="Grade K",0,VALUE(SUBSTITUTE(F70,"Grade ","")))<=0,"On/above grade",IF(B70-IF(F70="Grade K",0,VALUE(SUBSTITUTE(F70,"Grade ","")))=1,"1 grade below",IF(B70-IF(F70="Grade K",0,VALUE(SUBSTITUTE(F70,"Grade ","")))=2,"2 grades below","3+ grades below")))) -> On/above grade | H70: Completed | I70: 626 | J70: Grade 7 | K70: =IF(J70="","",IF(B70-IF(J70="Grade K",0,VALUE(SUBSTITUTE(J70,"Grade ","")))<=0,"On/above grade",IF(B70-IF(J70="Grade K",0,VALUE(SUBSTITUTE(J70,"Grade ","")))=1,"1 grade below",IF(B70-IF(J70="Grade K",0,VALUE(SUBSTITUTE(J70,"Grade ","")))=2,"2 grades below","3+ grades below")))) -> 1 grade below | L70: Absent | M70: Present | N70: Present
A71: =IFERROR(INDEX(Roster!$A$3:$A$148,MATCH(69,Roster!$E$3:$E$148,0)),"") -> S-144 | B71: =IFERROR(INDEX(Roster!$B$3:$B$148,MATCH(69,Roster!$E$3:$E$148,0)),"") -> 5 | C71: =IF(A71="","",IF(ROW()-3<$F$1,"Group A",IF(ROW()-3<2*$F$1,"Group B","Group C"))) -> Group C | D71: Absent | G71: =IF(F71="","",IF(B71-IF(F71="Grade K",0,VALUE(SUBSTITUTE(F71,"Grade ","")))<=0,"On/above grade",IF(B71-IF(F71="Grade K",0,VALUE(SUBSTITUTE(F71,"Grade ","")))=1,"1 grade below",IF(B71-IF(F71="Grade K",0,VALUE(SUBSTITUTE(F71,"Grade ","")))=2,"2 grades below","3+ grades below")))) | H71: Completed | I71: 504 | J71: Grade 3 | K71: =IF(J71="","",IF(B71-IF(J71="Grade K",0,VALUE(SUBSTITUTE(J71,"Grade ","")))<=0,"On/above grade",IF(B71-IF(J71="Grade K",0,VALUE(SUBSTITUTE(J71,"Grade ","")))=1,"1 grade below",IF(B71-IF(J71="Grade K",0,VALUE(SUBSTITUTE(J71,"Grade ","")))=2,"2 grades below","3+ grades below")))) -> 2 grades below | L71: Present | M71: Completed All | N71: Present
A72: =IFERROR(INDEX(Roster!$A$3:$A$148,MATCH(70,Roster!$E$3:$E$148,0)),"") -> S-145 | B72: =IFERROR(INDEX(Roster!$B$3:$B$148,MATCH(70,Roster!$E$3:$E$148,0)),"") -> 5 | C72: =IF(A72="","",IF(ROW()-3<$F$1,"Group A",IF(ROW()-3<2*$F$1,"Group B","Group C"))) -> Group C | D72: Completed | E72: 528 | F72: Grade 4 | G72: =IF(F72="","",IF(B72-IF(F72="Grade K",0,VALUE(SUBSTITUTE(F72,"Grade ","")))<=0,"On/above grade",IF(B72-IF(F72="Grade K",0,VALUE(SUBSTITUTE(F72,"Grade ","")))=1,"1 grade below",IF(B72-IF(F72="Grade K",0,VALUE(SUBSTITUTE(F72,"Grade ","")))=2,"2 grades below","3+ grades below")))) -> 1 grade below | H72: Completed | I72: 432 | J72: Grade 2 | K72: =IF(J72="","",IF(B72-IF(J72="Grade K",0,VALUE(SUBSTITUTE(J72,"Grade ","")))<=0,"On/above grade",IF(B72-IF(J72="Grade K",0,VALUE(SUBSTITUTE(J72,"Grade ","")))=1,"1 grade below",IF(B72-IF(J72="Grade K",0,VALUE(SUBSTITUTE(J72,"Grade ","")))=2,"2 grades below","3+ grades below")))) -> 3+ grades below | L72: Completed All | M72: Completed All | N72: Present
A73: =IFERROR(INDEX(Roster!$A$3:$A$148,MATCH(71,Roster!$E$3:$E$148,0)),"") -> S-146 | B73: =IFERROR(INDEX(Roster!$B$3:$B$148,MATCH(71,Roster!$E$3:$E$148,0)),"") -> 8 | C73: =IF(A73="","",IF(ROW()-3<$F$1,"Group A",IF(ROW()-3<2*$F$1,"Group B","Group C"))) -> Group C | D73: Completed | E73: 606 | F73: Grade 7 | G73: =IF(F73="","",IF(B73-IF(F73="Grade K",0,VALUE(SUBSTITUTE(F73,"Grade ","")))<=0,"On/above grade",IF(B73-IF(F73="Grade K",0,VALUE(SUBSTITUTE(F73,"Grade ","")))=1,"1 grade below",IF(B73-IF(F73="Grade K",0,VALUE(SUBSTITUTE(F73,"Grade ","")))=2,"2 grades below","3+ grades below")))) -> 1 grade below | H73: Completed | I73: 654 | J73: Grade 8 | K73: =IF(J73="","",IF(B73-IF(J73="Grade K",0,VALUE(SUBSTITUTE(J73,"Grade ","")))<=0,"On/above grade",IF(B73-IF(J73="Grade K",0,VALUE(SUBSTITUTE(J73,"Grade ","")))=1,"1 grade below",IF(B73-IF(J73="Grade K",0,VALUE(SUBSTITUTE(J73,"Grade ","")))=2,"2 grades below","3+ grades below")))) -> On/above grade | L73: Present | M73: Present | N73: Present
A74: =IFERROR(INDEX(Roster!$A$3:$A$148,MATCH(72,Roster!$E$3:$E$148,0)),"") | B74: =IFERROR(INDEX(Roster!$B$3:$B$148,MATCH(72,Roster!$E$3:$E$148,0)),"") | C74: =IF(A74="","",IF(ROW()-3<$F$1,"Group A",IF(ROW()-3<2*$F$1,"Group B","Group C"))) | G74: =IF(F74="","",IF(B74-IF(F74="Grade K",0,VALUE(SUBSTITUTE(F74,"Grade ","")))<=0,"On/above grade",IF(B74-IF(F74="Grade K",0,VALUE(SUBSTITUTE(F74,"Grade ","")))=1,"1 grade below",IF(B74-IF(F74="Grade K",0,VALUE(SUBSTITUTE(F74,"Grade ","")))=2,"2 grades below","3+ grades below")))) | K74: =IF(J74="","",IF(B74-IF(J74="Grade K",0,VALUE(SUBSTITUTE(J74,"Grade ","")))<=0,"On/above grade",IF(B74-IF(J74="Grade K",0,VALUE(SUBSTITUTE(J74,"Grade ","")))=1,"1 grade below",IF(B74-IF(J74="Grade K",0,VALUE(SUBSTITUTE(J74,"Grade ","")))=2,"2 grades below","3+ grades below"))))
A75: =IFERROR(INDEX(Roster!$A$3:$A$148,MATCH(73,Roster!$E$3:$E$148,0)),"") | B75: =IFERROR(INDEX(Roster!$B$3:$B$148,MATCH(73,Roster!$E$3:$E$148,0)),"") | C75: =IF(A75="","",IF(ROW()-3<$F$1,"Group A",IF(ROW()-3<2*$F$1,"Group B","Group C"))) | G75: =IF(F75="","",IF(B75-IF(F75="Grade K",0,VALUE(SUBSTITUTE(F75,"Grade ","")))<=0,"On/above grade",IF(B75-IF(F75="Grade K",0,VALUE(SUBSTITUTE(F75,"Grade ","")))=1,"1 grade below",IF(B75-IF(F75="Grade K",0,VALUE(SUBSTITUTE(F75,"Grade ","")))=2,"2 grades below","3+ grades below")))) | K75: =IF(J75="","",IF(B75-IF(J75="Grade K",0,VALUE(SUBSTITUTE(J75,"Grade ","")))<=0,"On/above grade",IF(B75-IF(J75="Grade K",0,VALUE(SUBSTITUTE(J75,"Grade ","")))=1,"1 grade below",IF(B75-IF(J75="Grade K",0,VALUE(SUBSTITUTE(J75,"Grade ","")))=2,"2 grades below","3+ grades below"))))
A76: =IFERROR(INDEX(Roster!$A$3:$A$148,MATCH(74,Roster!$E$3:$E$148,0)),"") | B76: =IFERROR(INDEX(Roster!$B$3:$B$148,MATCH(74,Roster!$E$3:$E$148,0)),"") | C76: =IF(A76="","",IF(ROW()-3<$F$1,"Group A",IF(ROW()-3<2*$F$1,"Group B","Group C"))) | G76: =IF(F76="","",IF(B76-IF(F76="Grade K",0,VALUE(SUBSTITUTE(F76,"Grade ","")))<=0,"On/above grade",IF(B76-IF(F76="Grade K",0,VALUE(SUBSTITUTE(F76,"Grade ","")))=1,"1 grade below",IF(B76-IF(F76="Grade K",0,VALUE(SUBSTITUTE(F76,"Grade ","")))=2,"2 grades below","3+ grades below")))) | K76: =IF(J76="","",IF(B76-IF(J76="Grade K",0,VALUE(SUBSTITUTE(J76,"Grade ","")))<=0,"On/above grade",IF(B76-IF(J76="Grade K",0,VALUE(SUBSTITUTE(J76,"Grade ","")))=1,"1 grade below",IF(B76-IF(J76="Grade K",0,VALUE(SUBSTITUTE(J76,"Grade ","")))=2,"2 grades below","3+ grades below"))))
A77: =IFERROR(INDEX(Roster!$A$3:$A$148,MATCH(75,Roster!$E$3:$E$148,0)),"") | B77: =IFERROR(INDEX(Roster!$B$3:$B$148,MATCH(75,Roster!$E$3:$E$148,0)),"") | C77: =IF(A77="","",IF(ROW()-3<$F$1,"Group A",IF(ROW()-3<2*$F$1,"Group B","Group C"))) | G77: =IF(F77="","",IF(B77-IF(F77="Grade K",0,VALUE(SUBSTITUTE(F77,"Grade ","")))<=0,"On/above grade",IF(B77-IF(F77="Grade K",0,VALUE(SUBSTITUTE(F77,"Grade ","")))=1,"1 grade below",IF(B77-IF(F77="Grade K",0,VALUE(SUBSTITUTE(F77,"Grade ","")))=2,"2 grades below","3+ grades below")))) | K77: =IF(J77="","",IF(B77-IF(J77="Grade K",0,VALUE(SUBSTITUTE(J77,"Grade ","")))<=0,"On/above grade",IF(B77-IF(J77="Grade K",0,VALUE(SUBSTITUTE(J77,"Grade ","")))=1,"1 grade below",IF(B77-IF(J77="Grade K",0,VALUE(SUBSTITUTE(J77,"Grade ","")))=2,"2 grades below","3+ grades below"))))
A78: =IFERROR(INDEX(Roster!$A$3:$A$148,MATCH(76,Roster!$E$3:$E$148,0)),"") | B78: =IFERROR(INDEX(Roster!$B$3:$B$148,MATCH(76,Roster!$E$3:$E$148,0)),"") | C78: =IF(A78="","",IF(ROW()-3<$F$1,"Group A",IF(ROW()-3<2*$F$1,"Group B","Group C"))) | G78: =IF(F78="","",IF(B78-IF(F78="Grade K",0,VALUE(SUBSTITUTE(F78,"Grade ","")))<=0,"On/above grade",IF(B78-IF(F78="Grade K",0,VALUE(SUBSTITUTE(F78,"Grade ","")))=1,"1 grade below",IF(B78-IF(F78="Grade K",0,VALUE(SUBSTITUTE(F78,"Grade ","")))=2,"2 grades below","3+ grades below")))) | K78: =IF(J78="","",IF(B78-IF(J78="Grade K",0,VALUE(SUBSTITUTE(J78,"Grade ","")))<=0,"On/above grade",IF(B78-IF(J78="Grade K",0,VALUE(SUBSTITUTE(J78,"Grade ","")))=1,"1 grade below",IF(B78-IF(J78="Grade K",0,VALUE(SUBSTITUTE(J78,"Grade ","")))=2,"2 grades below","3+ grades below"))))
A79: =IFERROR(INDEX(Roster!$A$3:$A$148,MATCH(77,Roster!$E$3:$E$148,0)),"") | B79: =IFERROR(INDEX(Roster!$B$3:$B$148,MATCH(77,Roster!$E$3:$E$148,0)),"") | C79: =IF(A79="","",IF(ROW()-3<$F$1,"Group A",IF(ROW()-3<2*$F$1,"Group B","Group C"))) | G79: =IF(F79="","",IF(B79-IF(F79="Grade K",0,VALUE(SUBSTITUTE(F79,"Grade ","")))<=0,"On/above grade",IF(B79-IF(F79="Grade K",0,VALUE(SUBSTITUTE(F79,"Grade ","")))=1,"1 grade below",IF(B79-IF(F79="Grade K",0,VALUE(SUBSTITUTE(F79,"Grade ","")))=2,"2 grades below","3+ grades below")))) | K79: =IF(J79="","",IF(B79-IF(J79="Grade K",0,VALUE(SUBSTITUTE(J79,"Grade ","")))<=0,"On/above grade",IF(B79-IF(J79="Grade K",0,VALUE(SUBSTITUTE(J79,"Grade ","")))=1,"1 grade below",IF(B79-IF(J79="Grade K",0,VALUE(SUBSTITUTE(J79,"Grade ","")))=2,"2 grades below","3+ grades below"))))
A80: =IFERROR(INDEX(Roster!$A$3:$A$148,MATCH(78,Roster!$E$3:$E$148,0)),"") | B80: =IFERROR(INDEX(Roster!$B$3:$B$148,MATCH(78,Roster!$E$3:$E$148,0)),"") | C80: =IF(A80="","",IF(ROW()-3<$F$1,"Group A",IF(ROW()-3<2*$F$1,"Group B","Group C"))) | G80: =IF(F80="","",IF(B80-IF(F80="Grade K",0,VALUE(SUBSTITUTE(F80,"Grade ","")))<=0,"On/above grade",IF(B80-IF(F80="Grade K",0,VALUE(SUBSTITUTE(F80,"Grade ","")))=1,"1 grade below",IF(B80-IF(F80="Grade K",0,VALUE(SUBSTITUTE(F80,"Grade ","")))=2,"2 grades below","3+ grades below")))) | K80: =IF(J80="","",IF(B80-IF(J80="Grade K",0,VALUE(SUBSTITUTE(J80,"Grade ","")))<=0,"On/above grade",IF(B80-IF(J80="Grade K",0,VALUE(SUBSTITUTE(J80,"Grade ","")))=1,"1 grade below",IF(B80-IF(J80="Grade K",0,VALUE(SUBSTITUTE(J80,"Grade ","")))=2,"2 grades below","3+ grades below"))))
A81: =IFERROR(INDEX(Roster!$A$3:$A$148,MATCH(79,Roster!$E$3:$E$148,0)),"") | B81: =IFERROR(INDEX(Roster!$B$3:$B$148,MATCH(79,Roster!$E$3:$E$148,0)),"") | C81: =IF(A81="","",IF(ROW()-3<$F$1,"Group A",IF(ROW()-3<2*$F$1,"Group B","Group C"))) | G81: =IF(F81="","",IF(B81-IF(F81="Grade K",0,VALUE(SUBSTITUTE(F81,"Grade ","")))<=0,"On/above grade",IF(B81-IF(F81="Grade K",0,VALUE(SUBSTITUTE(F81,"Grade ","")))=1,"1 grade below",IF(B81-IF(F81="Grade K",0,VALUE(SUBSTITUTE(F81,"Grade ","")))=2,"2 grades below","3+ grades below")))) | K81: =IF(J81="","",IF(B81-IF(J81="Grade K",0,VALUE(SUBSTITUTE(J81,"Grade ","")))<=0,"On/above grade",IF(B81-IF(J81="Grade K",0,VALUE(SUBSTITUTE(J81,"Grade ","")))=1,"1 grade below",IF(B81-IF(J81="Grade K",0,VALUE(SUBSTITUTE(J81,"Grade ","")))=2,"2 grades below","3+ grades below"))))
A82: =IFERROR(INDEX(Roster!$A$3:$A$148,MATCH(80,Roster!$E$3:$E$148,0)),"") | B82: =IFERROR(INDEX(Roster!$B$3:$B$148,MATCH(80,Roster!$E$3:$E$148,0)),"") | C82: =IF(A82="","",IF(ROW()-3<$F$1,"Group A",IF(ROW()-3<2*$F$1,"Group B","Group C"))) | G82: =IF(F82="","",IF(B82-IF(F82="Grade K",0,VALUE(SUBSTITUTE(F82,"Grade ","")))<=0,"On/above grade",IF(B82-IF(F82="Grade K",0,VALUE(SUBSTITUTE(F82,"Grade ","")))=1,"1 grade below",IF(B82-IF(F82="Grade K",0,VALUE(SUBSTITUTE(F82,"Grade ","")))=2,"2 grades below","3+ grades below")))) | K82: =IF(J82="","",IF(B82-IF(J82="Grade K",0,VALUE(SUBSTITUTE(J82,"Grade ","")))<=0,"On/above grade",IF(B82-IF(J82="Grade K",0,VALUE(SUBSTITUTE(J82,"Grade ","")))=1,"1 grade below",IF(B82-IF(J82="Grade K",0,VALUE(SUBSTITUTE(J82,"Grade ","")))=2,"2 grades below","3+ grades below"))))
A83: =IFERROR(INDEX(Roster!$A$3:$A$148,MATCH(81,Roster!$E$3:$E$148,0)),"") | B83: =IFERROR(INDEX(Roster!$B$3:$B$148,MATCH(81,Roster!$E$3:$E$148,0)),"") | C83: =IF(A83="","",IF(ROW()-3<$F$1,"Group A",IF(ROW()-3<2*$F$1,"Group B","Group C"))) | G83: =IF(F83="","",IF(B83-IF(F83="Grade K",0,VALUE(SUBSTITUTE(F83,"Grade ","")))<=0,"On/above grade",IF(B83-IF(F83="Grade K",0,VALUE(SUBSTITUTE(F83,"Grade ","")))=1,"1 grade below",IF(B83-IF(F83="Grade K",0,VALUE(SUBSTITUTE(F83,"Grade ","")))=2,"2 grades below","3+ grades below")))) | K83: =IF(J83="","",IF(B83-IF(J83="Grade K",0,VALUE(SUBSTITUTE(J83,"Grade ","")))<=0,"On/above grade",IF(B83-IF(J83="Grade K",0,VALUE(SUBSTITUTE(J83,"Grade ","")))=1,"1 grade below",IF(B83-IF(J83="Grade K",0,VALUE(SUBSTITUTE(J83,"Grade ","")))=2,"2 grades below","3+ grades below"))))
